stamp_sec,x_m,y_m,yaw_rad
1009.195,14.219999953394627,-6.202721954365991,3.1415921594547345
1009.215,14.219999953394627,-6.202721954365991,3.1415921594547345
1009.235,14.220016382363866,-6.202725458908169,-3.141502222729498
1009.275,14.220215292614181,-6.202773195306567,-3.1406378647496846
1009.295,14.220396046700147,-6.202823051217916,-3.1398501848117863
1009.335,14.220919065771351,-6.202974762287873,-3.1375616218275626
1009.355,14.221260688456532,-6.20307663147028,-3.1360594522328933
1009.395,14.222102018008567,-6.203332443566265,-3.132335102029647
1009.435,14.223150398269713,-6.20365776721209,-3.12764350045193
1009.475,14.224400243570084,-6.204052720392092,-3.121974047178291
1009.495,14.225094602363757,-6.204272894493882,-3.118769650060362
1009.535,14.22662932375832,-6.2047587083823155,-3.1116281090807507
1009.555,14.227465340566637,-6.205027866423882,-3.107678256498755
1009.595,14.229262659496035,-6.205608808551527,-3.0990202348207387
1009.61,14.229978099083695,-6.205844256255135,-3.095505025988921
1009.63,14.230968901313627,-6.206168915029305,-3.090599161484517
1009.67,14.233057320058634,-6.206866438387778,-3.0799914430936384
1009.69,14.234154948504493,-6.207237183143703,-3.0742923306832335
1009.73,14.236436869438014,-6.208025912305205,-3.0620726864135532
1009.75,14.23762034211876,-6.208444119654556,-3.0555500519303647
1009.79,14.240052956688135,-6.209332886189162,-3.0416484920116735
1009.81,14.241299010040507,-6.2098021783026045,-3.0342682275961357
1009.835,14.242560612392342,-6.210288922136576,-3.026595571567492
1009.87,14.245111909775883,-6.211316712935427,-3.010351951014541
1009.925,14.247361641498557,-6.212275709919163,-2.9951443861032896
1009.95,14.250260401914773,-6.213591063929614,-2.974215426128181
1009.99,14.252838232300903,-6.214838542438245,-2.954311558926238
1010.01,14.254127598420045,-6.215490064506696,-2.9439020706035364
1010.05,14.256707318769942,-6.216848984558539,-2.9221710739156905
1010.095,14.259143950450598,-6.218281963135052,-2.899666378780395
1010.15,14.262193070834872,-6.220568684287628,-2.865512287173849
1010.19,14.263824301989683,-6.22218473703783,-2.8424977161855933
1010.21,14.264520164289735,-6.2230202510811,-2.830921664385148
1010.29,14.26651154704496,-6.226545666197709,-2.7841940296134404
1010.33,14.267036189949732,-6.22841844508649,-2.7605959996207345
1010.39,14.267255625259683,-6.231365233553766,-2.7249609901794987
1010.41,14.267255625505413,-6.232127573371131,-2.7161014712594262
1010.49,14.26725562678605,-6.236364980996267,-2.669820638724435
1010.545,14.267255627713407,-6.239732089532452,-2.636141967468745
1010.615,14.267255628612427,-6.243260616362483,-2.6033080366283023
1010.645,14.267255629196104,-6.2457023847675,-2.5818723304054005
1010.69,14.267255629767323,-6.2482155151621,-2.5607894764863093
1010.745,14.267255630593315,-6.251984744581694,-2.529809636807372
1010.815,14.267255631382213,-6.255017898254137,-2.4995815946133586
1010.845,14.267255631892407,-6.256571174619358,-2.479836256985739
1010.895,14.267255632390215,-6.257755366573878,-2.4604091959142615
1010.945,14.267255633114116,-6.258851027238854,-2.4318531278955917
1010.985,14.2672556335818,-6.259135423931738,-2.4131978194252155
1011.01,14.267256357583252,-6.259151533308151,-2.4039720679046606
1011.065,14.267301466205971,-6.25915153508331,-2.3758302039647963
1011.125,14.267368581151267,-6.259154282259367,-2.346900393426494
1011.15,14.267368581762806,-6.259164327124859,-2.3372996037900298
1011.21,14.267368583533996,-6.2592381891800075,-2.309066535840427
1011.265,14.267419214166438,-6.259256954244081,-2.2812280963671223
1011.415,14.268161813052053,-6.2592569559897955,-2.213681187993415
1011.445,14.26853726662487,-6.259256956510427,-2.193667096736215
1011.505,14.269237111406012,-6.259256957309391,-2.163027153694672
1011.545,14.26979502944513,-6.259256957853905,-2.1421779553364444
1011.645,14.271510858667172,-6.259256959255752,-2.0885202347103764
1011.665,14.271909245232676,-6.259256959542898,-2.0775171585653376
1011.725,14.272834713873173,-6.2598821828689655,-2.0441039146755284
1011.765,14.268186530766194,-6.269623102034855,-2.0252719213152366
1011.815,14.259974190842668,-6.284763487171442,-2.0100104359977324
1011.87,14.246478065367523,-6.310507697947951,-1.9856028040298983
1011.91,14.238276633414547,-6.326870975677462,-1.9707741366160278
1011.955,14.230145998217274,-6.3434681832647,-1.9555439268595185
1012.01,14.21808824647906,-6.368898878476069,-1.932230922011537
1012.075,14.206218111607754,-6.395450074865353,-1.9098637669611374
1012.11,14.198399092782928,-6.413572160305178,-1.8948084770380471
1012.17,14.186815553599331,-6.4414632259814875,-1.8722198673701258
1012.21,14.179188649104898,-6.460531136011886,-1.857141504926189
1012.25,14.17164184077136,-6.480159718722017,-1.8426013588206425
1012.31,14.160458502390764,-6.51043065894654,-1.821068923733399
1012.39,14.145804902244773,-6.552789649865846,-1.7941974249260526
1012.45,14.135003153557577,-6.585609854503773,-1.7739989950435622
1012.47,14.13143879271744,-6.596793569091103,-1.7673788989926669
1012.51,14.124363565570652,-6.619432088920445,-1.7540180190935728
1012.57,14.113884921507399,-6.654123658022251,-1.7338178618919404
1012.63,14.103567459827733,-6.689715379954276,-1.71344603257143
1012.69,14.093411652417647,-6.726293609353542,-1.6931119087066597
1012.71,14.090062116215305,-6.738678599897091,-1.6862578228569662
1012.775,14.079298636350142,-6.779632055696085,-1.663802407902819
1012.835,14.069525599589028,-6.818207940861339,-1.6422907038810348
1012.895,14.059906546283063,-6.857389927541217,-1.6196144524701277
1012.91,14.057526298710254,-6.867271768105996,-1.6137369698193635
1012.97,14.048094649681136,-6.907180923982867,-1.5894766911936886
1013.03,14.038811152699614,-6.9474886154110855,-1.5638751828488633
1013.11,14.027441701158759,-7.001030017718605,-1.5304534207973381
1013.13,14.025026543446302,-7.01427106714699,-1.522491780958567
1013.19,14.01875624811496,-7.053632800573241,-1.4994722965495786
1013.23,14.01541377835557,-7.079429115737438,-1.4850274228030393
1013.29,14.011507542310213,-7.117513213714073,-1.4644820246632093
1013.37,14.008076088594827,-7.16740858533827,-1.438632043788116
1013.43,14.0068179834947,-7.203811468718035,-1.420724566030339
1013.49,14.006576107886946,-7.239318682561187,-1.4040505520950377
1013.51,14.006689723048568,-7.251013692976209,-1.3986864542269764
1013.57,14.007567848298955,-7.285754317920556,-1.3830940553658702
1013.59,14.008057659972106,-7.297112215181264,-1.3781891732852005
1013.65,14.010046173444007,-7.33066102048302,-1.364199721584028
1013.69,14.011813824255825,-7.352374063896545,-1.3557305509361646
1013.745,14.014650352520139,-7.381725888575377,-1.3445834137436599
1013.765,14.01580861704453,-7.392261027499989,-1.3407262934878155
1013.885,14.023833808856601,-7.453504463137146,-1.3192905269609436
1013.91,14.025320176542456,-7.463444096213237,-1.3159274528648213
1013.965,14.030001036433173,-7.493210545217599,-1.3058890077842604
1013.985,14.03167836841909,-7.502949890068822,-1.3028271592787557
1014.025,14.035133106474882,-7.522108450418911,-1.2967743359552844
1014.085,14.040524642674598,-7.550053553350004,-1.2882790510560251
1014.145,14.046107681508072,-7.577228711713821,-1.2800488889546324
1014.19,14.049933835968972,-7.595029273264573,-1.2748570984768397
1014.225,14.05383936818414,-7.612519941637044,-1.2696663909654011
1014.285,14.059823997533734,-7.638368442793906,-1.2621929608007512
1014.345,14.065958749052292,-7.663472950734417,-1.2549056934787224
1014.365,14.068034633244324,-7.671711209521539,-1.252561952112565
1014.45,14.07649757455848,-7.703967940946851,-1.2431047287125543
1014.485,14.080816626520054,-7.719659212064338,-1.238938895502068
1014.51,14.082999628942359,-7.727377396222891,-1.236830278014375
1014.545,14.08741411177926,-7.742584047859848,-1.2324665490808588
1014.565,14.08964385295237,-7.750044683382648,-1.2303012124402601
1014.645,14.098726317211604,-7.779212096038687,-1.221126031528382
1014.715,14.105706626590369,-7.800542274208745,-1.2141891701979903
1014.745,14.110437710969379,-7.814422022452897,-1.2095809333553842
1014.765,14.112825987350373,-7.821241046520061,-1.2072791815638986
1014.805,14.117651260132682,-7.834668331250348,-1.202509759882725
1014.845,14.122540425718665,-7.847829321045701,-1.197599956119419
1014.91,14.129995621025355,-7.867231949578216,-1.1901234684909345
1014.945,14.135042883084324,-7.879856433215832,-1.1851176713304377
1015.02,14.144678468361796,-7.902769725605743,-1.175168517045181
1015.04,14.147287082551102,-7.908754802208162,-1.1723976619172345
1015.12,14.157872455740396,-7.932073185101089,-1.1611621310775264
1015.16,14.163263402144285,-7.943346598687045,-1.1550983658270082
1015.3,14.182648938652145,-7.981516541347394,-1.1327100019695464
1015.36,14.191131505773594,-7.997236427048821,-1.1243281822889235
1015.4,14.193004800161301,-8.00584013411755,-1.133206592204028
1015.48,14.192889629486757,-8.017967618192447,-1.1585550874286534
1015.54,14.192619321284305,-8.02655172319752,-1.178934235626257
1015.6,14.192189957058298,-8.034717042395446,-1.2005312724993804
1015.62,14.192011373190914,-8.037345931887375,-1.2080071745430248
1015.68,14.191368860269316,-8.044954694493965,-1.2312854969784077
1015.7,14.191119008335601,-8.047398538923128,-1.2393334774428448
1015.76,14.190261994008033,-8.054454036804914,-1.2643652036407609
1015.845,14.188867379138092,-8.063221583262271,-1.2998761840239217
1015.92,14.187520865137058,-8.069813015868213,-1.3306005632029168
1015.95,14.186475857119973,-8.074100862712836,-1.352894333193102
1016.01,14.184938031495431,-8.079473547302813,-1.3839717570539147
1016.05,14.183820549874362,-8.08284081887849,-1.4055784368812045
1016.11,14.182004987056164,-8.08757856122447,-1.4393747895301368
1016.17,14.180020989881276,-8.091953520494345,-1.4749058174596468
1016.21,14.178604017306064,-8.094677496127483,-1.4996001177425287
1016.29,14.175541565722117,-8.099693697168723,-1.5515359665069632
1016.33,14.173895072806623,-8.101995936200682,-1.5788237191597492
1016.39,14.171281948954741,-8.104836775774825,-1.6204791882659362
1016.41,14.170372788406482,-8.105589321975513,-1.6344656360811574
1016.47,14.167530885160614,-8.107266985689373,-1.676695058704679
1016.53,14.164517284447513,-8.108081181468433,-1.7192832530283597
1016.55,14.16347458637402,-8.108162402764842,-1.733549489871287
1016.61,14.160233346798162,-8.108167942432374,-1.775890520639053
1016.63,14.159115631244948,-8.10816794205694,-1.7897072193180448
1016.69,14.15565115210515,-8.108167940948192,-1.8303078819373895
1016.75,14.152020436268158,-8.108167939866116,-1.8697031193828646
1016.81,14.148224386330673,-8.10816793881112,-1.9079703481519563
1016.83,14.146922439579674,-8.108167938465536,-1.9204871862425656
1016.895,14.14290721023173,-8.108167937447186,-1.9573522175280078
1016.95,14.138728457754967,-8.108167936456624,-1.9932307259030333
1017.01,14.13475486022201,-8.108167935573162,-2.0252938096330304
1017.045,14.13177929903082,-8.10816793494543,-2.048135891860838
1017.085,14.128731789988985,-8.10816793433015,-2.0705895808006773
1017.145,14.124025985456559,-8.10816793343054,-2.103564607235747
1017.265,14.114843777204914,-8.108167931732797,-2.167088518299965
1017.345,14.110416029282067,-8.10816793067331,-2.2077273844559095
1017.385,14.108767937041396,-8.108167930162297,-2.227554721149002
1017.445,14.10698867791676,-8.108167929418729,-2.25669796029823
1017.465,14.10657776093107,-8.108167929176904,-2.26625581307178
1017.525,14.105882295161859,-8.108167928469193,-2.2944689681098516
1017.585,14.105827280796614,-8.108154353384451,-2.3222950432238756
1017.645,14.105827278978143,-8.10807566336586,-2.350858429964228
1017.665,14.105826818783488,-8.108057025834377,-2.3605614083005855
1017.725,14.105785742989728,-8.108057024017434,-2.3892237868829382
1017.785,14.10572139451223,-8.108050284399587,-2.41709108932708
1017.845,14.10572139379118,-8.107921914774726,-2.445226114591679
1017.885,14.105721393298198,-8.10774601545872,-2.4643656704583505
1017.925,14.105721392795399,-8.107497688415322,-2.4838176655457547
1017.985,14.105721392022861,-8.10698906071185,-2.5135939312968927
1018.045,14.1057213912285,-8.106316590275364,-2.5441066379965167
1018.105,14.105721390412622,-8.105479714278042,-2.57537861885535
1018.125,14.105721390135958,-8.10516411953295,-2.585975638656563
1018.185,14.105721389292118,-8.104107108643408,-2.6182998668453967
1018.245,14.105721388428044,-8.102884257248567,-2.651447017418066
1018.305,14.105721387544543,-8.101494889274235,-2.6854498607556456
1018.325,14.10572138724589,-8.100994639934637,-2.6969805372489937
1018.42,14.093290534237257,-8.10523328194968,-2.7373535090531766
1018.445,14.077713406733906,-8.112752427017103,-2.751760980065957
1018.505,14.053574771789668,-8.123972757280844,-2.773290404411758
1018.525,14.045349531466465,-8.127674562326234,-2.7804764775284796
1018.61,14.011579584520849,-8.142291852892651,-2.8093953578561393
1018.645,13.994106510813577,-8.149483580086892,-2.823767468657688
1018.705,13.967187430201015,-8.160126609080494,-2.8453350207793067
1018.765,13.939552608264485,-8.170602496263239,-2.8673785757228023
1018.81,13.92069147261218,-8.177491734319675,-2.8822325210440325
1018.845,13.901381159966636,-8.184302310619472,-2.8969238670749813
1018.905,13.871302985148311,-8.194378440793713,-2.917863044031619
1018.945,13.850652532493013,-8.201005104642977,-2.931545860468026
1019.005,13.818451414470942,-8.210805832662915,-2.950711656026984
1019.045,13.796322340608238,-8.21724937068719,-2.96306494683944
1019.105,13.762251222972903,-8.226780088610116,-2.9813361529927906
1019.125,13.750687451195464,-8.229921344236853,-2.987443113403889
1019.245,13.67881976637758,-8.248392973685522,-3.0234571054103596
1019.27,13.666447328802729,-8.251409220433583,-3.0294238663197803
1019.32,13.631675625467437,-8.259611376617267,-3.0453350353684847
1019.38,13.59265031123359,-8.268405673423468,-3.0623387855087607
1019.405,13.579452256381025,-8.271301831351156,-3.0681076452010547
1019.44,13.552674118963248,-8.277040874763003,-3.0795368032890105
1019.5,13.511644783585766,-8.285516765073282,-3.096687321215786
1019.535,13.487189469233158,-8.290301164248602,-3.1067925823049762
1019.575,13.4587392027235,-8.295562227008585,-3.118508106233621
1019.595,13.444347866158315,-8.298124780944464,-3.1244920641685443
1019.675,13.385687766191271,-8.307587384522007,3.13462815933101
1019.715,13.356149741105128,-8.31153656256846,3.1232733308276073
1019.775,13.311820377351637,-8.316585237721693,3.106863759583148
1019.815,13.282280419580852,-8.319484685475993,3.0960486184628704
1019.895,13.223022836401574,-8.323143223495585,3.077598220320634
1019.915,13.208182417301636,-8.323675143744225,3.0735544851200074
1019.955,13.178494955479323,-8.324407914521787,3.065854286445827
1020.015,13.133909527053095,-8.324498360753942,3.0558861302162432
1020.06,13.104166873757812,-8.324036065850716,3.0499929008695936
1020.115,13.059552942544407,-8.322755337240544,3.041848513341731
1020.175,13.014917926328813,-8.320591166246077,3.0351508049737936
1020.215,12.98514925945592,-8.318695308895652,3.0314896468339008
1020.295,12.925605361976913,-8.314073717273239,3.0256150459810525
1020.345,12.88838688684871,-8.31063139887736,3.023020640571941
1020.425,12.82881769017105,-8.303893959868674,3.021774599138653
1020.485,12.784141176921725,-8.29857218101146,3.0223478161668376
1020.51,12.7692486237062,-8.296827559456386,3.022865012173129
1020.545,12.739465268237382,-8.293389603746958,3.0243332622035846
1020.645,12.665020409465686,-8.285094686542923,3.030737858960716
1020.685,12.635239499163664,-8.28189572576842,3.033851362599677
1020.745,12.590576946940326,-8.277225570696837,3.039600767570043
1020.79,12.560797282225128,-8.274197147337258,3.043804233009769
1020.825,12.531019389832302,-8.27123691413172,3.0483961416399836
1020.91,12.471462700141496,-8.265520899894398,3.05856264283376
1020.945,12.441682172522693,-8.262765101627782,3.0641356418719314
1020.985,12.4118970976063,-8.260077375274527,3.069897292375022
1021.045,12.367205130634542,-8.256173274070605,3.078762618332973
1021.085,12.337397221590077,-8.253655450138414,3.0847302989684255
1021.225,12.232975152291285,-8.245377348106926,3.1053727871266275
1021.285,12.188167675060026,-8.242083385343461,3.1136479093366787
1021.315,12.173226114655264,-8.241019220745045,3.1163366230366174
1021.365,12.128377141808965,-8.237927834149954,3.1239469012103354
1021.405,12.098466059404643,-8.235951342417156,3.1288174084130036
1021.445,12.068544581343353,-8.23404227674577,3.133457671609311
1021.515,12.02363228262003,-8.231517580755348,3.1395274053141455
1021.565,11.978700375811966,-8.229491442129733,-3.1382704230366425
1021.585,11.963719802573483,-8.228922161679636,-3.1366154512665365
1021.65,11.918765364897446,-8.227599205683784,-3.1322946976519868
1021.715,11.87379947332916,-8.226719773544161,-3.1286696952578166
1021.79,11.813845924081985,-8.225850293340446,-3.1239787604876734
1021.825,11.783860888220659,-8.225826619189059,-3.1224464971501913
1021.885,11.738872972332443,-8.226330829888306,-3.1213412856744154
1021.91,11.723876501658875,-8.226565156313091,-3.121102477198958
1021.965,11.678886732067324,-8.227385508819621,-3.1207397573165916
1022.005,11.648893277489446,-8.227967330190618,-3.1208661306375154
1022.035,11.626398484854711,-8.228375632277713,-3.121171458280048
1022.075,11.596406303463924,-8.2288604468922,-3.121878295244804
1022.135,11.551419576200267,-8.229460405648968,-3.1233575304943058
1022.195,11.506436645482648,-8.229907405967765,-3.12547502485535
1022.255,11.461455661677006,-8.230202023265813,-3.1278999992885974
1022.275,11.446463042802138,-8.230266292554598,-3.1288184617002983
1022.335,11.40148740920905,-8.230357413381364,-3.131832657990727
1022.355,11.386496705973817,-8.230353822664561,-3.1329671950044724
1022.455,11.31155205984143,-8.230081787960811,-3.1391443159077586
1022.495,11.281575529023923,-8.229854605089633,3.1414568014661692
1022.555,11.236611453253538,-8.229387143579894,3.1375464870811407
1022.595,11.2066362494627,-8.228991048987675,3.1349193830250983
1022.69,11.135447137193067,-8.227779721030714,3.128726502678505
1022.71,11.120460142155334,-8.227476206778363,3.1274503339345476
1022.77,11.075499668971528,-8.226464481909382,3.1236954463954025
1022.81,11.04552571899109,-8.225705770426844,3.1213066572769392
1022.89,10.98557643495603,-8.223986358433146,3.1168834534157437
1022.93,10.955602512258862,-8.223025553610022,3.114777640105246
1022.99,10.910640771963157,-8.22145821888937,3.111891613949962
1023.03,10.88066721586523,-8.220329091144627,3.1100517837094173
1023.07,10.850691158707068,-8.21913304529916,3.1085526348832606
1023.21,10.745774204257554,-8.214425029897225,3.1044858798831982
1023.23,10.730786040009312,-8.213702098944099,3.104049804434979
1023.27,10.70080886436467,-8.212349865907665,3.103471370489014
1023.33,10.655843116150503,-8.210380491695627,3.102831639324828
1023.39,10.610877472800576,-8.208516124201825,3.1025304396273374
1023.435,10.580900363288498,-8.207341074057199,3.1025214677915853
1023.47,10.5509233709878,-8.2061883568986,3.102708409276807
1023.495,10.535934819308961,-8.2056368511781,3.1028451708918516
1023.55,10.490969048241148,-8.204083949702834,3.103478085227989
1023.58,10.475980541394483,-8.20360021052885,3.1037760199354287
1023.645,10.419772989575035,-8.201936755352492,3.1050805918701965
1023.685,10.389795070111877,-8.201145888120397,3.1058957989452964
1023.725,10.359816276390202,-8.200393091858437,3.1067115669130194
1023.745,10.3448265577292,-8.200025975289964,3.1071196604375517
1023.81,10.299858151558162,-8.19899906158457,3.1086725124095316
1023.865,10.254888569456694,-8.198123578364374,3.110377050127598
1023.89,10.239898279774653,-8.197865515611344,3.1109595668186323
1023.945,10.194926309491347,-8.197190777545599,3.1127679597611873
1024.01,10.14995240443864,-8.196633949144358,3.1146297108553114
1024.09,10.089983646340894,-8.196023272250793,3.1171108303722397
1024.125,10.059997792262749,-8.19577100165694,3.11834392063407
1024.185,10.015017020017712,-8.195445146260468,3.120150308672214
1024.245,9.970033874797437,-8.195171963851141,3.121883122711531
1024.305,9.925048271254866,-8.19493040433552,3.1234995234517373
1024.385,9.865064540402384,-8.194672379394357,3.125532699704358
1024.41,9.850068149516309,-8.194619259011915,3.1260213513999893
1024.465,9.805077659667889,-8.194465524371457,3.127389120300849
1024.525,9.760085201607424,-8.194298953835666,3.1285708710173568
1024.585,9.715091466176531,-8.19414060428294,3.1296397204872575
1024.615,9.70009319159454,-8.194079450726003,3.1299468768044525
1024.665,9.655097583396625,-8.193875741413816,3.13074611144313
1024.725,9.610100799610894,-8.19360136651822,3.1312788506289624
1024.785,9.565103417939685,-8.19327887501893,3.1316323609475476
1024.815,9.550104186105914,-8.193153515449584,3.1316948529967172
1024.865,9.505106397712265,-8.19274330803156,3.1317805018102427
1024.925,9.460108620208779,-8.192269006451355,3.131671228239037
1024.945,9.445109443767114,-8.192094810534064,3.1315694893159174
1025.065,9.355115235175294,-8.19084496490474,3.130703173865789
1025.125,9.310119021990046,-8.190107072560822,3.130064750665432
1025.185,9.265123625925197,-8.189285552386192,3.1292915282838902
1025.21,9.250125304011492,-8.188997006098525,3.129020964509105
1025.265,9.205130825525872,-8.188094030019554,3.128167363511734
1025.325,9.160137230104477,-8.18711855930137,3.1272334499282146
1025.385,9.115144496202598,-8.186079377141116,3.1262474803907527
1025.445,9.070152527201111,-8.184988979147226,3.125245566575761
1025.505,9.025161341367054,-8.183850235196898,3.124235394186126
1025.55,8.995167630762676,-8.183067687972612,3.123566550745525
1025.605,8.950177711748973,-8.181859184411955,3.1225703684965422
1025.685,8.890192392438445,-8.180186222944416,3.1212628349553446
1025.725,8.860200091292201,-8.179339161504904,3.120656602846488
1025.745,8.845204005051661,-8.178915583511046,3.1203710154971422
1025.825,8.785220275984862,-8.177206329912426,3.1192988599106974
1025.865,8.755228805882178,-8.176340424731594,3.1187946169022287
1025.92,8.713990811057615,-8.175155097041332,3.118177479597638
1025.945,8.69899522471601,-8.174729358928568,3.1179830424448585
1026.0,8.65400874465218,-8.173453345165257,3.117447965940098
1026.06,8.60902252247923,-8.172198622913461,3.117026590633282
1026.1,8.579031810574444,-8.171379745587675,3.1168172901674827
1026.135,8.552790002506727,-8.170672343765808,3.1166707248729746
1026.175,8.522799434060765,-8.1698729618906,3.116538610898287
1026.235,8.477813640178747,-8.168712495277434,3.116457898638797
1026.295,8.432827848327726,-8.167594788893677,3.116494169542265
1026.315,8.417832572784517,-8.167226868270816,3.1165164029417527
1026.375,8.372846704936356,-8.16613966533471,3.1166299282945094
1026.4,8.357851402252635,-8.165790922310176,3.116697904164842
1026.455,8.31286536733074,-8.16476302640126,3.1169318024868113
1026.495,8.28287457171018,-8.164098888036518,3.117128375068054
1026.555,8.237888139384994,-8.16312958327332,3.1174587328485193
1026.575,8.22289259339136,-8.162811857338392,3.117576292813456
1026.66,8.162910093095924,-8.161594140432236,3.118128235616327
1026.695,8.132918592680696,-8.1610083526895,3.1184304103398794
1026.715,8.11792276870244,-8.16071998256725,3.1185843528253163
1026.795,8.057938992399993,-8.159600274595677,3.1192267932801334
1026.835,8.027946799039908,-8.159059004217415,3.1195583869783405
1026.86,8.01295062475402,-8.158792990263116,3.1197264637807214
1026.985,7.915474151334511,-8.157122838968046,3.1208124841058846
1027.045,7.8704842387343135,-8.156383344588741,3.1213028183282048
1027.085,7.840490692078173,-8.15589861689914,3.1216194131985464
1027.145,7.7954999797778814,-8.155181455841529,3.1220744745848426
1027.225,7.735511661207653,-8.154236367120895,3.1226300429192873
1027.285,7.690519942593182,-8.153533523947369,3.123006408629548
1027.31,7.675522617792685,-8.153299173851996,3.1231220911792477
1027.365,7.630530416056374,-8.152595347379073,3.1234409833591696
1027.425,7.585537903064603,-8.151888040064074,3.123714513158232
1027.51,7.525547495250293,-8.150935376869713,3.124008869426291
1027.545,7.495552165080627,-8.150459588393762,3.1241409206015134
1027.585,7.46555676574287,-8.149987768412041,3.1242729866242636
1027.645,7.420563509324078,-8.149266487397613,3.1244169858272333
1027.685,7.390567929600697,-8.14876838336231,3.124460461771726
1027.745,7.345574523583584,-8.148006369433912,3.1244823437948015
1027.805,7.300581119354753,-8.147226800583686,3.1244567641160006
1027.845,7.270585549112953,-8.146690924047697,3.124398958566286
1027.915,7.225592279509888,-8.145868548841037,3.1242760082111585
1027.945,7.195596832555122,-8.145311725542573,3.1241805678527164
1028.005,7.150603779905489,-8.14446185319804,3.1240137152555594
1028.045,7.120608509891566,-8.14388247140619,3.1238806403708472
1028.11,7.075615780172355,-8.142993629774823,3.1236500920584933
1028.145,7.045620752351198,-8.142389408023693,3.1234815517436925
1028.205,7.000628399024746,-8.141469357207756,3.1232179486399683
1028.265,6.955636296190594,-8.14052987018184,3.122935394410779
1028.285,6.940638984492274,-8.14021304998392,3.122839068078986
1028.345,6.895647216184183,-8.139253036646142,3.122547801907477
1028.365,6.880650016207239,-8.138929932472212,3.1224502392017146
1028.425,6.83565858198465,-8.137952549065105,3.122159359026166
1028.485,6.790667388488272,-8.136965254712711,3.121876519083465
1028.545,6.745676425803767,-8.135969768303918,3.1216049966658135
1028.565,6.730679490303485,-8.13563570371821,3.1215156918215414
1028.625,6.685688817313375,-8.13463238844052,3.121265203666037
1028.685,6.64069834675383,-8.133624825510026,3.121032488220572
1028.71,6.625701564204697,-8.133288559251307,3.120959807599696
1028.765,6.580711333268283,-8.132278575196086,3.1207553155180405
1028.825,6.535721250722776,-8.131272482730282,3.1205837406600705
1028.885,6.490731297729609,-8.130269173979475,3.1204384055291072
1029.015,6.393253443913882,-8.128101895791735,3.120193322521502
1029.075,6.34826378820621,-8.127114145092078,3.120131302058026
1029.095,6.333267246065759,-8.126786743108458,3.1201169389163246
1029.155,6.288277635832049,-8.125812271094997,3.1200967074465447
1029.21,6.247037169084785,-8.124924022743889,3.120092728261339
1029.275,6.198298426475297,-8.123886931799433,3.120120434444981
1029.335,6.15330878471557,-8.122938992512998,3.1201663154054855
1029.355,6.138312227454346,-8.122623965862143,3.1201828609105533
1029.41,6.097071666095047,-8.12176721918471,3.12024934303582
1029.47,6.052081896555352,-8.120844774488319,3.120344731169035
1029.49,6.037085286871989,-8.120539431586398,3.1203795415491986
1029.53,6.007092034288796,-8.119930313481117,3.1204491653962667
1029.59,5.96210207669429,-8.119023984635492,3.1205625452145087
1029.61,5.9471054020484955,-8.118725340991904,3.12060629992218
1029.67,5.90211529739905,-8.117835752068213,3.120743650042888
1029.73,5.857125064302238,-8.116953609727462,3.1208841371009113
1029.79,5.81213470107062,-8.116079121714083,3.1210279572080597
1029.81,5.797137883855953,-8.115789197846343,3.1210762407743373
1029.87,5.752147342673813,-8.114923275318082,3.1212198272973186
1029.93,5.707156668747185,-8.114062269614042,3.1213595349364462
1029.99,5.662165866502836,-8.113206369627893,3.121496238254293
1030.01,5.64716890426865,-8.112921864170877,3.1215403355380427
1030.09,5.587180921015293,-8.111786426575401,3.1217066364114743
1030.15,5.542189802393644,-8.110938713524643,3.121824679210366
1030.19,5.512195663582587,-8.110374678217822,3.1218986648647156
1030.245,5.470953650105269,-8.109598956349556,3.1219908486721057
1030.265,5.455956535692684,-8.109317565553093,3.1220237298829057
1030.325,5.410965133181465,-8.108471042313168,3.122108942375454
1030.345,5.395967981427383,-8.108187939734211,3.122132749282125
1030.41,5.350976483719158,-8.107337530604324,3.1221958411055697
1030.445,5.320982121953395,-8.106769468450706,3.1222311230510185
1030.49,5.29098773934351,-8.106199985912719,3.1222599985037265
1030.525,5.260993340486245,-8.105628576047028,3.1222817378437777
1030.585,5.216001722094077,-8.104766870815343,3.1222997062510682
1030.605,5.201004513056027,-8.104478749453751,3.122302985082392
1030.665,5.156012882701838,-8.103611312926802,3.122304190911612
1030.69,5.141015673772655,-8.103320583799837,3.122300481636401
1030.745,5.0960240568850095,-8.102444431421162,3.1222801195751186
1030.905,4.976046553600835,-8.10008199027754,3.1221753414254394
1030.985,4.916057914769621,-8.098887339134102,3.1221021860659195
1031.015,4.901060768893583,-8.098587575318628,3.1220828231071245
1031.065,4.856069369698957,-8.097683917669299,3.122018129240339
1031.145,4.796080931598642,-8.096471926635736,3.1219254914725454
1031.21,4.751089678299854,-8.095557540362872,3.1218516733453274
1031.245,4.7210955468089075,-8.094945556001775,3.121801072279315
1031.305,4.6761044064055515,-8.094024462188463,3.121724482353135
1031.385,4.616116326562964,-8.092790659180832,3.121621590283884
1031.445,4.571125346602903,-8.091861764237013,3.121545701206768
1031.465,4.556128368411482,-8.09155140648496,3.121520485622489
1031.525,4.51113747941595,-8.090618065963067,3.1214448421124534
1031.585,4.466146654537361,-8.089684023136341,3.1213760672694164
1031.645,4.4211558853494255,-8.088750380080969,3.1213159938801147
1031.705,4.376165168752161,-8.087815340427296,3.121259206473595
1031.725,4.36116827396871,-8.087503762102038,3.121242004387642
1031.805,4.301180741224643,-8.086258939339558,3.1211834603980098
1031.845,4.271186997999161,-8.085637520279892,3.121159962866147
1031.905,4.2261964070102085,-8.084706577284974,3.121131064266387
1031.925,4.211199548569429,-8.084396805670748,3.1211235775443558
1032.01,4.151212132366668,-8.083161280699672,3.1211054396233204
1032.045,4.1212184294319645,-8.082545640731608,3.1211026940818147
1032.105,4.076227875914881,-8.081623528531502,3.1211024086702004
1032.125,4.061231024178252,-8.081316922277288,3.121104310266249
1032.205,4.001243608695377,-8.080093891997265,3.121119742865801
1032.245,3.9712498921003485,-8.079484812624312,3.1211327082656743
1032.305,3.926259300764177,-8.078574231299665,3.1211579806719967
1032.325,3.9112624317332774,-8.078271249694179,3.1211671557694056
1032.385,3.8662718074770215,-8.077364623448302,3.1211985151865185
1032.445,3.8212811526994956,-8.076461337578284,3.1212346516982308
1032.505,3.776290463820488,-8.075561243971062,3.121274706293695
1032.52,3.765042785871496,-8.075336613219902,3.121285005790553
1032.605,3.7050551300419157,-8.074141477415175,3.1213423026323643
1032.64,3.675061275722803,-8.073545565696348,3.1213718598010156
1032.66,3.6600643418532863,-8.073247975605318,3.1213867259631534
1032.715,3.618822750430275,-8.072430845949658,3.1214278406561737
1032.735,3.6038257996116307,-8.072134125295735,3.121442783628324
1032.795,3.558834920168004,-8.071244992217908,3.121486812987733
1032.955,3.4388590527863556,-8.06888007087561,3.121595721122286
1032.995,3.4088650458989207,-8.068289836388132,3.121620359862811
1033.035,3.3788710244528675,-8.067699451254086,3.121642724832793
1033.095,3.3338799677768725,-8.066813857773532,3.1216730482829647
1033.115,3.3188829429034836,-8.06651874807373,3.121682606242855
1033.175,3.2738918513314523,-8.065633181439079,3.1217084479198447
1033.215,3.243897778088778,-8.065042406318492,3.1217230460094676
1033.295,3.1839096071281308,-8.063860708942414,3.121748644810752
1033.315,3.1689125596941103,-8.063565037010632,3.1217537787570993
1033.375,3.1239214087394727,-8.062677812955219,3.1217674937628686
1033.435,3.0789302464743855,-8.061789804930925,3.1217776542546445
1033.495,3.0339390763201237,-8.060901471430126,3.1217859148958613
1033.51,3.026440547245209,-8.060753451982894,3.121787291675082
1033.565,2.981449372201878,-8.059862377214358,3.1217874343838554
1033.585,2.966452314396795,-8.059564824585081,3.1217861337237762
1033.645,2.9214611440920963,-8.058671196255435,3.1217800736550156
1033.685,2.891467034086899,-8.058074642394681,3.1217743768063246
1033.71,2.876469980551356,-8.057775973299686,3.121770681839534
1033.79,2.8164817782563274,-8.056579855199864,3.1217536509452577
1033.825,2.786487685526356,-8.055980673956658,3.121743272998999
1033.885,2.7414965589554408,-8.055080400611356,3.1217253777100265
1033.945,2.6965054498852936,-8.054178309686181,3.121704974431715
1033.965,2.6815084176645936,-8.05387726622109,3.1216978019379233
1033.99,2.666511387671476,-8.053575999246478,3.1216903302663668
1034.045,2.6215203114372603,-8.052671150294387,3.1216669549875853
1034.11,2.5765292569517957,-8.051764679370715,3.1216421542482458
1034.145,2.5465352332001743,-8.05115960442946,3.1216252687979598
1034.205,2.501544216723519,-8.050250895614221,3.121599570696909
1034.245,2.4715502185956915,-8.049644440628711,3.1215824223444653
1034.31,2.4265592405856173,-8.048733889390325,3.1215569406293815
1034.345,2.396565267902284,-8.048126317305124,3.121540204931914
1034.405,2.351574327574159,-8.047214211415056,3.1215155968178196
1034.485,2.2915864404137816,-8.04599716115357,3.1214847948711912
1034.545,2.2465955485398377,-8.045083838053015,3.1214633919172767
1034.565,2.2315985887311385,-8.044779418182372,3.1214568667525
1034.645,2.171610768512876,-8.043561222887634,3.1214319127522576
1034.715,2.1266199225774303,-8.04264705193289,3.1214143456929815
1034.745,2.0966260335788807,-8.042037731839608,3.1214040727800834
1034.915,1.9766505285583165,-8.039602385235192,3.1213748670513115
1034.945,1.9466566616289631,-8.038994146703201,3.1213703846030296
1035.005,1.901665865493956,-8.038082435841883,3.1213659368129005
1035.02,1.8904181667846522,-8.037854696723606,3.1213653949859648
1035.08,1.8454273728417387,-8.036944165013564,3.12136449667663
1035.1,1.8304304414985246,-8.036640867593572,3.121364776850047
1035.16,1.7854396451104089,-8.035732234925723,3.121368743261268
1035.22,1.7404488441213903,-8.034824665973227,3.1213749138298676
1035.245,1.725451909169685,-8.034522264279286,3.1213771222728535
1035.28,1.6954580369260528,-8.033918253219499,3.1213833187524984
1035.35,1.6429687506155455,-8.032862684137045,3.1213966870979237
1035.37,1.6279718089240651,-8.032561456807814,3.1214011047046544
1035.415,1.5942286852268923,-8.031883937577849,3.1214110443807233
1035.495,1.5342408928101614,-8.030681115152637,3.1214308516386753
1035.535,1.504246986878269,-8.030080942226967,3.1214427347456604
1035.595,1.4592561142712706,-8.02918170656084,3.121461456804271
1035.615,1.4442591529268114,-8.028882222034598,3.1214678844499266
1035.695,1.3842712880266195,-8.027685440019486,3.1214940803046165
1035.735,1.3542773436328819,-8.027087759483944,3.12150748219966
1035.795,1.3092864118657834,-8.02619203474726,3.1215276906847786
1035.85,1.2680447083852515,-8.025371718538521,3.121546126775067
1035.93,1.2080567489392715,-8.024179776612955,3.121572663290317
1035.95,1.193059754111296,-8.023881998144448,3.1215791905107917
1036.01,1.1480687580226432,-8.022988965007652,3.1215980470581823
1036.07,1.103077745260225,-8.02209641087179,3.121615976530828
1036.13,1.0585378376748942,-8.021212578399858,3.121631155949163
1036.15,1.0437989404623744,-8.020920338904205,3.1216364043201152
1036.21,1.000368568536456,-8.020058315499737,3.1216484902077326
1036.25,0.9719405507459404,-8.019494588950622,3.121657013124894
1036.29,0.9437220440230742,-8.018934715204825,3.1216641172212314
1036.35,0.9024443711935497,-8.018115602880066,3.121673214956586
1036.41,0.862163836299076,-8.017315689066724,3.121679687455216
1036.43,0.8489996076537194,-8.017054239867555,3.121681587827604
1036.47,0.8229597033531224,-8.016536777483916,3.1216843868570057
1036.53,0.784962936603983,-8.015780979938109,3.121686276381692
1036.55,0.7725073138962113,-8.015533029524263,3.1216863617554047
1036.61,0.7355340245238748,-8.01479693298075,3.121686351702737
1036.63,0.7234983173738465,-8.014557035716793,3.121685612263986
1036.75,0.6534810923018259,-8.013159391812689,3.1216765471598693
1036.79,0.6308433855736242,-8.01270677613476,3.121672102905568
1036.89,0.578754034100684,-8.011663390140505,3.1216579939099964
1036.925,0.5574442612187358,-8.011235825072308,3.1216509304233786
1036.985,0.5262057983107304,-8.010607927322999,3.121638420225025
1037.01,0.5160298641794991,-8.010403445918705,3.121634683934181
1037.085,0.47612218871507217,-8.009598864348991,3.121614407523029
1037.145,0.44697406762110603,-8.009010808243945,3.1215998014634523
1037.205,0.4185569221759886,-8.008435964639625,3.121582789119866
1037.245,0.4000661920566193,-8.00806158898259,3.1215714776118886
1037.325,0.36370537735226094,-8.007323720305145,3.121546578759599
1037.345,0.3546416864827213,-8.007139469337492,3.1215399246644893
1037.405,0.32757237744891654,-8.00658944242846,3.1215215855808527
1037.445,0.3104640995906367,-8.006241361115064,3.121509452308139
1037.485,0.2936338982375517,-8.005897974052113,3.1214955885009563
1037.525,0.2774410386540298,-8.005567933407834,3.121483612816105
1037.585,0.2535872285968015,-8.005081023958828,3.121465075320954
1037.61,0.24579455809779205,-8.004922288813454,3.1214600990523063
1037.645,0.23046422412702228,-8.004609327102331,3.121448902972801
1037.665,0.22285282639504977,-8.004453584595952,3.1214425948924944
1037.725,0.2005767191756087,-8.003998389579033,3.1214263582617536
1037.785,0.17903911349890134,-8.003558376443678,3.121411777398621
1037.815,0.17205981005966464,-8.003416183258302,3.121408233601668
1037.865,0.1514339286484141,-8.002995262547154,3.1213964546423325
1037.945,0.12495060876292907,-8.002456031196292,3.121385407415572
1038.015,0.10564757282990556,-8.002063658462575,3.1213795475673156
1038.045,0.09309309555098277,-8.001809034303342,3.121377378116681
1038.105,0.07466414110630737,-8.001436123300145,3.1213765597347956
1038.185,0.05070058343491457,-8.000952775249402,3.121379626523859
1038.245,0.03329391295366424,-8.000603627681599,3.1213867811978404
1038.305,0.015971147955254672,-8.000531576141727,3.118980089619598
1038.325,0.01019692336174316,-8.000472610675681,3.1175574808462154
1038.41,-0.012899752641041928,-8.000061746354241,3.1087654543694834
1038.445,-0.0244167637903967,-7.999751264654411,3.102591967806558
1038.505,-0.04125047437151785,-7.9991559763159055,3.092189935587791
1038.525,-0.046729481696315744,-7.998923033857754,3.088458644593922
1038.585,-0.06276741741369207,-7.998120550308946,3.0764873768061034
1038.61,-0.06797977907014285,-7.997818474555529,3.0722414731121903
1038.665,-0.08321349747379791,-7.996808376310229,3.0587534747361635
1038.765,-0.10724760905016417,-7.994778072128966,3.0338465595504034
1038.805,-0.11638268394103335,-7.993844339229478,3.0230646687439107
1038.87,-0.12956823764632475,-7.992313190882702,3.006048290562764
1038.925,-0.14212945193856186,-7.9906251393027246,2.988053650357574
1038.945,-0.14617707604649866,-7.990027540396306,2.9818447877311365
1039.005,-0.15789967768778723,-7.9881298559270055,2.9626068220789583
1039.07,-0.16898930468316387,-7.986074627708931,2.942482997287938
1039.12,-0.1785963127133865,-7.984052040877573,2.923292438426536
1039.16,-0.1852466480279027,-7.9824976625815625,2.9089072401983276
1039.24,-0.19769485229687156,-7.979177863538152,2.8791067804556394
1039.3,-0.20628394262527472,-7.976503063097381,2.8559017727017504
1039.37,-0.21549487356682384,-7.973181749037546,2.8279614638627932
1039.43,-0.22269662076931596,-7.970162611192964,2.8033128864698815
1039.45,-0.22495520941813751,-7.969120849174544,2.794960152347516
1039.51,-0.23130597362165517,-7.96588930927121,2.769511453768145
1039.53,-0.23328152200793895,-7.964776687238137,2.7609028534947337
1039.59,-0.23878553776065026,-7.961332398073451,2.73471830206664
1039.65,-0.2436583134507213,-7.957728337356352,2.7080223678928377
1039.71,-0.24790391745657736,-7.953964339762776,2.680848386261552
1039.735,-0.2491805507207765,-7.952674105648431,2.671689735705836
1039.795,-0.25257595740269956,-7.948733469544964,2.6438902107675686
1039.85,-0.2552225430935824,-7.94486028603343,2.6154539845423255
1039.91,-0.25710022684299716,-7.941095684164601,2.586372725232948
1039.935,-0.25755432970414205,-7.939867835864606,2.57653837612234
1039.97,-0.2582037891170561,-7.937456362275489,2.55666212951444
1040.05,-0.25853155006821815,-7.932888035688549,2.5162113520256666
1040.09,-0.25853154955321855,-7.931024608746266,2.496197373365631
1040.145,-0.2585315488649087,-7.92907095760122,2.4692047155201253
1040.165,-0.25853154862022976,-7.928532931751061,2.459537708519742
1040.225,-0.25853154790387123,-7.927461688973761,2.431002577391881
1040.285,-0.2585301100572259,-7.927181117460238,2.4031344072247878
1040.345,-0.25848071533579997,-7.927181115688274,2.3749670998906156
1040.365,-0.2584486813869411,-7.927181115076952,2.3653891504875233
1040.425,-0.25841443836402433,-7.927164588137483,2.3364345725855307
1040.485,-0.2584144366001624,-7.927085130216885,2.3082270669779748
1040.51,-0.25841264188520086,-7.927069890399143,2.2989993105268476
1040.565,-0.2583072493885048,-7.927069889682958,2.270955182961301
1040.625,-0.2580392920371164,-7.9270698889444375,2.2422222288613907
1040.745,-0.25701365717391766,-7.927069887400716,2.18261618404738
1040.805,-0.25625490566431,-7.9270698865959535,2.1517015611655395
1040.825,-0.2559654139974299,-7.927069886322911,2.141226296749929
1040.91,-0.25462398074342296,-7.927069885207298,2.0984475242775766
1040.945,-0.25384285765477266,-7.927069884635751,2.076516704359597
1040.985,-0.2529878705344615,-7.927069884055338,2.0542126617983225
1041.025,-0.25205881464056823,-7.92706988346632,2.031525276643103
1041.115,-0.2499776329163872,-7.927069882263697,1.9849557366367765
1041.145,-0.24977312019721687,-7.924986201709833,1.962185344672127
1041.205,-0.2583291434348922,-7.905080818317538,1.9388567187700096
1041.25,-0.26526541377018376,-7.889516755687691,1.92485716898849
1041.315,-0.2755374557411354,-7.865730328742473,1.9030483751064091
1041.345,-0.2822788495447863,-7.849193699595008,1.889180611649491
1041.405,-0.2922476227037638,-7.823693128737623,1.868328722856488
1041.445,-0.29880086638461023,-7.806297168977015,1.8541625907461692
1041.515,-0.30848392609575903,-7.779432295260581,1.83303861084172
1041.545,-0.3148435144123489,-7.761051583079415,1.818887737382661
1041.605,-0.324243476456731,-7.732871304857563,1.7972295071251483
1041.625,-0.32733851232682376,-7.723243164268555,1.7901079580427979
1041.685,-0.33651170260363905,-7.693482760561201,1.7695241651081264
1041.72,-0.33953251327807443,-7.683227836811221,1.7630481799078281
1041.765,-0.34848482517037027,-7.651544507365151,1.7444887364693107
1041.825,-0.3572744860613195,-7.618679558351358,1.7266140653258648
1041.885,-0.3659032769992461,-7.584812303386459,1.708854672422392
1041.945,-0.3743712837360249,-7.5499137694728,1.6912581786850047
1041.965,-0.3771584055207171,-7.538074021534148,1.6853580603416072
1042.015,-0.38404770465165505,-7.507879741508661,1.6709235793719754
1042.075,-0.39216764088219946,-7.470605389131179,1.653935599372573
1042.095,-0.3948388986038438,-7.457977293355447,1.6482120711728807
1042.155,-0.40274586713339566,-7.419319406091471,1.6312891425591218
1042.195,-0.40792857102016633,-7.39296682946462,1.620023090193148
1042.255,-0.4155703932471795,-7.352742830112356,1.6026424103797003
1042.295,-0.42057642938248385,-7.325364544298158,1.59098501039385
1042.355,-0.42793184072407975,-7.283674272271165,1.572732896051253
1042.41,-0.4341973332331168,-7.244369930942253,1.5555912227796282
1042.47,-0.44016567591019395,-7.200375284093178,1.5369989481993078
1042.49,-0.44185995770826025,-7.185644315444289,1.5310871481732227
1042.51,-0.44331461604789446,-7.170892315941496,1.5255712261707584
1042.63,-0.4492783208812181,-7.082241142761147,1.4952749622760728
1042.69,-0.45034156100179246,-7.037822472919862,1.4825919631510693
1042.75,-0.45043318395540055,-6.993387093588846,1.4709894850601009
1042.79,-0.4498957505805894,-6.9637417724857915,1.464094994103232
1042.87,-0.44753126357826645,-6.904422371924908,1.4521663611347024
1042.93,-0.44470392396182845,-6.859908227258337,1.444884201296279
1042.99,-0.4410061558621585,-6.8153764562515455,1.4391543965845033
1043.01,-0.4395443757198887,-6.8005253341645195,1.437726266478404
1043.07,-0.4346815547689076,-6.755966648544227,1.4344373032676343
1043.15,-0.4273859618341085,-6.696550877433126,1.4317348855141414
1043.19,-0.4235389451478184,-6.666846292544735,1.4307708668943768
1043.26,-0.41764190783689514,-6.622296984327775,1.4293262058279153
1043.33,-0.4094290361613435,-6.562910092269066,1.4284741685780573
1043.35,-0.4073285467855161,-6.5480625696535615,1.4288284915396758
1043.415,-0.40164057378944484,-6.5072324956797205,1.4306337895157153
1043.445,-0.3975851727595501,-6.4775390274531,1.4326524147860662
1043.49,-0.39359800069756723,-6.447846140354548,1.4351088657330515
1043.545,-0.3877450320435756,-6.4033037191182025,1.4396314119124893
1043.61,-0.382045545087907,-6.358760139763317,1.445118748248474
1043.645,-0.3783308840520494,-6.3290582646836,1.449112722201028
1043.69,-0.3746839642606279,-6.29934359715724,1.4531750940372006
1043.745,-0.36934093176459903,-6.25475573738887,1.459649346682586
1043.815,-0.3641506151205789,-6.210146512894212,1.4664488354875778
1043.845,-0.3607752133325217,-6.180393654965432,1.471124600783523
1043.89,-0.3574676503008902,-6.15062971936266,1.4758958728743556
1043.945,-0.35263344736419633,-6.105961466476568,1.4831678868668734
1043.985,-0.34949531601378325,-6.076165527596146,1.4880132970196893
1044.015,-0.3479516233618405,-6.06126184979438,1.4904128016289133
1044.065,-0.3434220147501321,-6.016529073021336,1.497510584619396
1044.125,-0.33904452921978034,-5.9717644504993155,1.504412047583093
1044.15,-0.33761907759210885,-5.956834057605482,1.5066011144728035
1044.21,-0.33344391391451644,-5.912021708477879,1.5129185126564502
1044.265,-0.32942028240666765,-5.867176595255625,1.5187254271135395
1044.325,-0.3255481501506612,-5.822304311948551,1.5240630248501996
1044.385,-0.32186568980091934,-5.77740536944357,1.5287931251151998
1044.415,-0.32070126522379105,-5.762433961124486,1.5302393273900607
1044.505,-0.3155122084396922,-5.687546874701858,1.5365782636922136
1044.645,-0.30998469998144706,-5.582637568149802,1.5426687563293258
1044.705,-0.30811613744810806,-5.537662217201355,1.544445348441501
1044.725,-0.3075775298838561,-5.5226686955866935,1.5448603044365872
1044.815,-0.30570496689973226,-5.462690291853745,1.5459645687775347
1044.845,-0.3049090441114348,-5.4326997724103805,1.5462080035188015
1044.865,-0.304548166385354,-5.41770431717417,1.5462571211461946
1044.905,-0.3038141788660482,-5.387713558304091,1.54607292664469
1044.985,-0.30214148250742134,-5.3277347655653715,1.5449590663671722
1045.015,-0.30168084877453794,-5.312741233104205,1.5445222631052868
1045.045,-0.3007088774265938,-5.282755070823815,1.5435936164437973
1045.065,-0.3001975593991073,-5.267762390322493,1.5431129134754271
1045.125,-0.29856151147656007,-5.22278951072943,1.541171429885981
1045.185,-0.2967734662358943,-5.177820629682183,1.5391439337210848
1045.245,-0.2948329057772483,-5.13285862333262,1.5367198848707628
1045.265,-0.29415212194930973,-5.117873709515036,1.5358059764477903
1045.325,-0.29200841937950806,-5.072922790175889,1.5330049512685864
1045.385,-0.289712678014018,-5.0279781306328335,1.5301086327062121
1045.425,-0.2880977277520085,-4.998018685813144,1.5281327450636868
1045.505,-0.28466526412422155,-4.938108053134439,1.524154380215763
1045.545,-0.28284777604918965,-4.908156879262782,1.5221673942218519
1045.625,-0.2790104619173519,-4.848261726321006,1.5183016342658422
1045.665,-0.2769906159045661,-4.818318087347868,1.5164090117826328
1045.72,-0.27410321851014885,-4.777149690185232,1.5138721007932037
1045.78,-0.2708079783773183,-4.7322438743536495,1.5112212521018529
1045.84,-0.2673612163964396,-4.687342270641686,1.508775012983473
1045.86,-0.26617864508759936,-4.67237587042801,1.508015823143289
1045.93,-0.2619198860597951,-4.619997046976806,1.5055211563396622
1045.99,-0.25824063487274707,-4.575104884949639,1.503628271759362
1046.05,-0.2545944797511144,-4.530215316404702,1.5020354966539697
1046.11,-0.2509841233253489,-4.485328227394928,1.5007156865200435
1046.13,-0.24980656210918717,-4.470366075991408,1.5003782378371753
1046.17,-0.24745974588094377,-4.440442519583613,1.4997654472949007
1046.25,-0.24287973943847518,-4.380597021834556,1.4989682106211353
1046.29,-0.24065493420118322,-4.35067469249151,1.498781325265419
1046.33,-0.2384710736955089,-4.3207525821554205,1.4987167103254941
1046.37,-0.23631221637117328,-4.290830500847824,1.4987767670427472
1046.43,-0.23317638110207106,-4.2459470575082845,1.49912004172595
1046.49,-0.23015283742505233,-4.201062572393316,1.4996372228739019
1046.595,-0.22532321141612144,-4.1262522892013855,1.501019086417723
1046.65,-0.22260976864721904,-4.081363566098257,1.5021452515521077
1046.69,-0.22087147703664733,-4.0514363998417515,1.5030094749512226
1046.715,-0.22023305569358342,-4.040213282319594,1.503338245508847
1046.745,-0.21855820676041482,-4.010283907767188,1.5042409785752129
1046.785,-0.21692668103678336,-3.9803530318776748,1.5051917117159166
1046.845,-0.2145637372096143,-3.935453767900721,1.5067029579831082
1046.91,-0.2122958173060514,-3.8905504492343215,1.5082652340198726
1046.945,-0.21082782036757308,-3.860612528315806,1.5093184312874475
1046.965,-0.21010635546755196,-3.845642847222328,1.509846720963687
1047.025,-0.20798568750029567,-3.8007308348003854,1.5114213067631757
1047.06,-0.20694543692135525,-3.778273110260191,1.5121914759622743
1047.11,-0.2052487381951913,-3.7408412851133317,1.5134711804508758
1047.165,-0.20326628742301445,-3.6959192572249835,1.5149803999857723
1047.225,-0.20130291496866803,-3.6509926394040733,1.5163652550755446
1047.265,-0.20000624421151159,-3.6210393186769645,1.5172309577040266
1047.345,-0.19745451506887335,-3.561128052243802,1.5188714313228777
1047.365,-0.1968201268639902,-3.5461492567596475,1.5192506524966491
1047.45,-0.19430327666944613,-3.4862307240709134,1.5206747201350763
1047.485,-0.1930344242007429,-3.4562693910115287,1.521278553838028
1047.545,-0.19110422079755196,-3.4113251949533057,1.522028767056075
1047.585,-0.18981036630716197,-3.381361302021766,1.5224633584717375
1047.65,-0.18786369007398562,-3.3364141021207816,1.5230372726209067
1047.685,-0.18654619201675082,-3.306448455968513,1.5233329478958069
1047.75,-0.18437865450956004,-3.2577532577129404,1.5236973747655784
1047.81,-0.1823289817421383,-3.212803042653702,1.5238696873189252
1047.83,-0.18163575028859213,-3.19781955363246,1.5238970511292858
1047.89,-0.17951312077562775,-3.15286908512656,1.5238404622704338
1047.915,-0.17897147383451362,-3.141631506682296,1.5238025038530054
1048.005,-0.17527821125612242,-3.0667152804102535,1.523349939859416
1048.02,-0.17470986242857833,-3.0554780428404165,1.5232580763802384
1048.1,-0.17158670055082048,-2.995547695352191,1.52255061180712
1048.12,-0.17078836997204405,-2.98056549809103,1.522353606654045
1048.2,-0.1675225589243503,-2.920638656275975,1.5214476654462776
1048.245,-0.16585191040213587,-2.8906764387990256,1.520950236625629
1048.3,-0.16328990708271185,-2.8457348329702663,1.5201390674263755
1048.34,-0.16155244649996625,-2.815774912985978,1.5195730863169057
1048.4,-0.15889463832887962,-2.7708369296987643,1.518676228517355
1048.555,-0.15181057486415916,-2.654757528286996,1.5162858031102595
1048.575,-0.15087583856875497,-2.6397806394031864,1.515976146244078
1048.655,-0.14710332245761037,-2.57987545436773,1.5147694683629145
1048.695,-0.14519586773177195,-2.549924299501441,1.5141812841435418
1048.755,-0.1423209673530934,-2.5049991667077767,1.5133476094009302
1048.795,-0.1403915956752666,-2.4750501771411617,1.512812720405515
1048.855,-0.1374970647719156,-2.4301280531807574,1.5120852809660073
1048.895,-0.13556192014455526,-2.4001808932123057,1.51163306407015
1048.955,-0.13266143227262717,-2.355261340786862,1.5110248106074722
1048.995,-0.13072583805611693,-2.3253157478653397,1.5106533879770365
1049.03,-0.12904013818048377,-2.2991137488178133,1.5103725660374803
1049.07,-0.12710465927630388,-2.2691691519997805,1.5100517062159868
1049.15,-0.12328226163710276,-2.2092811379519763,1.5096084417419413
1049.175,-0.12233832895727303,-2.194309272099326,1.5095379271834517
1049.23,-0.11952411129943208,-2.1493939790586194,1.50938893499971
1049.29,-0.11674658508255398,-2.1044788704679385,1.5093490702145378
1049.35,-0.11400419523439709,-2.059563747266461,1.509410974111245
1049.39,-0.11219540167808972,-2.029620211544797,1.5094928856204177
1049.43,-0.11040524528792162,-1.9996765327143569,1.5096220968641116
1049.47,-0.10863121963938482,-1.969732627407019,1.5097795377706702
1049.53,-0.10600217232322073,-1.9248162512235634,1.5100765201359565
1049.59,-0.103411118543427,-1.8798990777972249,1.5104329453285628
1049.65,-0.10085382389440056,-1.8349809601193101,1.510833365943726
1049.67,-0.10001100095658799,-1.8200080399765761,1.5109822694453139
1049.73,-0.09750757738394888,-1.7750885376081875,1.511459646633046
1049.79,-0.0950420372995886,-1.7301677922126244,1.51197524247444
1049.81,-0.09422756636560692,-1.7151939203768325,1.5121529591917044
1049.87,-0.09180769389088717,-1.670271400535472,1.5127053282382372
1049.895,-0.09100800106890716,-1.6552969132230102,1.5128930903614644
1049.93,-0.0894181642345071,-1.6253474565046497,1.513271481887956
1049.99,-0.08705516506626232,-1.5804220488203171,1.5138402087702687
1050.01,-0.08646840764598984,-1.5691904684729054,1.5139823730585835
1050.065,-0.08413371917075096,-1.5242632214176424,1.5145416401283291
1050.125,-0.08181758516750115,-1.479334526489867,1.5150839756243044
1050.185,-0.07951443992321039,-1.4344044260819866,1.515597357191657
1050.21,-0.07874783884501646,-1.4194274196629684,1.515757954559239
1050.265,-0.07645631315100943,-1.3744955841820936,1.5162240378267853
1050.29,-0.07569510418188763,-1.3595180403827098,1.5163740668636243
1050.445,-0.06959477921728663,-1.2396933700078943,1.5173548279625864
1050.485,-0.06806746891014193,-1.2097362053996115,1.5175488571560767
1050.585,-0.0642441716607074,-1.1348419356113528,1.5179573366672912
1050.61,-0.0634748277086512,-1.1198628800795758,1.5180175691313105
1050.665,-0.06116724762840242,-1.0749254277233342,1.5181855727314109
1050.685,-0.06040132992265157,-1.060255880063723,1.5182121709053216
1050.785,-0.05665006389671845,-0.9883397649321735,1.5182926088691266
1050.81,-0.05591033211380392,-0.9743028901403165,1.518287150505228
1050.89,-0.05298019362439099,-0.918937026821956,1.5182273505517647
1050.925,-0.051530716920177966,-0.8917503696849697,1.5181710226560483
1051.015,-0.04862572264944376,-0.8377000772263732,1.5180214736777824
1051.045,-0.04716930510132045,-0.810675091033883,1.5179467053157027
1051.105,-0.04509926955507382,-0.7724715576206778,1.5177624551138436
1051.145,-0.043737792856278546,-0.7475356772643357,1.5175950583169804
1051.185,-0.042417999137496665,-0.7233677577117741,1.5174325020197426
1051.245,-0.040417207493149476,-0.6877476316476603,1.517101588314721
1051.305,-0.03847913663832081,-0.6529973686179877,1.5167836442408225
1051.345,-0.03716935777562469,-0.63015128088415,1.5165399029426228
1051.415,-0.03530239647087008,-0.5971182903668101,1.5161900226204406
1051.465,-0.03342053829136127,-0.5648249394980898,1.515827415617385
1051.505,-0.032226421131898775,-0.5439552000013691,1.5155469581728749
1051.545,-0.031063691956559225,-0.5234357730928902,1.5153281219898327
1051.585,-0.029913787926705737,-0.5033869744333868,1.5151103228797504
1051.665,-0.027652936842793352,-0.4644774581919709,1.5145932311940276
1051.685,-0.027113305320394687,-0.45504438216653476,1.5144970219049678
1051.765,-0.02491287544986953,-0.4179084640893155,1.5139566408941894
1051.785,-0.024376253792818048,-0.40883148562930266,1.5138365885974912
1051.885,-0.021747107450092784,-0.3646979217953021,1.5132416626977883
1051.905,-0.021226793521643472,-0.35613334475089486,1.513090705746257
1051.945,-0.020207800151986532,-0.3392544570498858,1.5128634589160557
1052.005,-0.018697790006436676,-0.3144676792789001,1.5125191835940117
1052.07,-0.017233730486402976,-0.29048189089059884,1.5121969713578707
1052.105,-0.01627562708679342,-0.2748582276980896,1.512000159860545
1052.165,-0.01483002613333717,-0.25179550260844114,1.5116852303747796
1052.205,-0.01389393937297001,-0.23674434740740222,1.51149545160129
1052.245,-0.012988145271007667,-0.22209862462119423,1.5113315623827137
