stamp_sec,estimate_x_m,estimate_y_m,estimate_yaw_rad,truth_x_m,truth_y_m,truth_yaw_rad,xy_error_m,yaw_error_rad,sync_error_sec
233.3,-0.0004511627710943441,6.1298631650044366e-15,-0.12629225127842383,-3.726110346491396e-06,-0.0035500142879763773,-0.06282031933426374,0.0035781001956710404,0.06347193194416009,0.0049999999999954525
233.5,0.01874105773664132,-0.0027674769178656364,-0.2981512584223886,-1.877257601989868e-05,-0.007993214678931772,-0.14069010210695157,0.019474074265732767,0.15746115631543703,0.0049999999999954525
233.7,0.020022473264359384,-0.0021797879412369407,-0.4672471899668476,-5.326187352494571e-05,-0.013561878249000915,-0.23702535480459308,0.02307784914372607,0.23022183516225453,0.014999999999986358
233.9,0.015700071288264603,0.0009240903903270351,-0.6416977515584849,-7.48341321905599e-05,-0.02242829043136291,-0.3760196243972508,0.02818122302288419,0.26567812716123407,0.0049999999999954525
234.1,0.024015279170660323,-0.0030691665954720327,-0.8219442638322513,-7.483720760248502e-05,-0.03186240174491299,-0.4873130741191922,0.037541764709310727,0.33463118971305905,0.0049999999999954525
234.3,0.02576183643976764,-0.003920758021563927,-0.9858941834465293,-7.4840346607985e-05,-0.04448820436536056,-0.6028240746275492,0.04809627397439909,0.3830701088189801,0.009999999999990905
234.5,0.022668123947368026,-0.0028786299377758294,-1.1677192883342689,-7.484265019463976e-05,-0.051810564722325134,-0.691971723471909,0.05395902863670951,0.47574756486235975,0.009999999999990905
234.7,0.017464617940473534,-0.0010988966351645453,-1.345530968685691,-0.00019112401504806087,-0.05270155497079501,-0.7862114256075458,0.05453952302050118,0.5593195430781454,0.009999999999990905
234.9,0.006601764202576427,6.890297368763414e-05,-1.5386007866475466,-0.0004505423684566523,-0.05281189810571568,-0.8876433231517665,0.05334898453364655,0.6509574634957801,0.0049999999999954525
235.1,-0.013102934730019155,-0.007073726962384529,-1.728430673867597,-0.002326820378730332,-0.05281190070438142,-0.987643481951765,0.046990479650298816,0.740787191915832,0.010000000000019327
235.3,-0.012274404723855983,0.003653751979497801,-1.9096742660857304,-0.006033115653011123,-0.05281190353777691,-1.096231251124895,0.05680954094394165,0.8134430149608354,0.0049999999999954525
235.5,-0.021557892405442192,0.019587879024541583,-2.0987940166621035,-0.011593653277245153,-0.052811906579917973,-1.2145512748516736,0.07308224830268704,0.8842427418104299,0.0049999999999954525
235.7,-0.03951325036615043,0.009761695799183161,-2.2931901934747922,-0.019229863229652366,-0.058866692559085464,-1.3340479622246613,0.07156305948170742,0.959142231250131,0.005000000000023874
235.9,-0.06451688605666596,-0.015827460153912426,-2.462080658899712,-0.029170533732239434,-0.07933820785481871,-1.4399979544496824,0.07268410896592642,1.0220827044500296,0.0049999999999954525
236.1,-0.12111929007522869,-0.06356517245067389,-2.6346222537858193,-0.041311841769461566,-0.11701561519346862,-1.5281399020260666,0.09605299909153524,1.1064823517597526,0.0049999999999954525
236.3,-0.1865302075836025,-0.07911155145556023,-2.79356344651135,-0.055397405552062295,-0.17423597530262652,-1.595369928978737,0.1620014437617129,1.1981935175326128,0.009999999999990905
236.6,-0.29980359463923983,-0.09324125591425916,-2.9287682123725776,-0.07979948642464585,-0.2862837958841811,-1.6728736702081577,0.29268964769758715,1.2558945421644199,0.0049999999999954525
236.9,-0.4201446603761344,-0.11404338351087594,-2.95024236054539,-0.10079207887618047,-0.4052915220028329,-1.692805855594328,0.4322170166544983,1.2574365049510619,0.0049999999999954525
237.2,-0.5521134836281919,-0.13147412709508116,-2.9240136849300713,-0.11306482550422992,-0.5262896350547553,-1.6676759211675931,0.5904599982436636,1.2563377637624782,0.010000000000019327
237.5,-0.654697748518473,-0.1523403999885672,-2.8583365078786307,-0.12080630324025599,-0.6370448997312889,-1.6109456775157858,0.7210953663781965,1.247390830362845,0.009999999999990905
237.8,-0.7532124782426984,-0.2060604356520741,-2.763646271493366,-0.1255349618217778,-0.7636420905244069,-1.5354771532675957,0.8395691552638795,1.2281691182257704,0.009999999999990905
238.1,-0.8510632097153452,-0.22457250234411974,-2.7206758387086336,-0.12611290447940782,-0.8747077550228795,-1.4865199224276793,0.9737703999595354,1.2341559162809543,0.0049999999999954525
238.4,-0.9616911091252849,-0.2694123885481295,-2.697773823311631,-0.12087864841175744,-0.9999083120490082,-1.4630872377140791,1.1138177087578285,1.234686585597552,0.009999999999990905
238.7,-1.0712825459102413,-0.33215106883836215,-2.6949275677275053,-0.10963956306723865,-1.1112530924501223,-1.4690309711102876,1.2376417856743231,1.2258965966172177,0.014999999999986358
239.0,-1.1849411426081846,-0.3691248778267877,-2.7156334630853123,-0.10060784350038432,-1.2385521596020066,-1.4937769862789074,1.389849812695261,1.2218564768064049,0.009999999999990905
239.3,-1.2824016805226657,-0.4507922588747469,-2.7253810706909176,-0.09608501217991261,-1.3580463211886247,-1.5252176848183734,1.4934715166928638,1.2001633858725442,0.0049999999999954525
239.6,-1.4132492425548544,-0.4884093661762575,-2.7761311137911413,-0.09536211487461443,-1.4777753501789672,-1.553312423927659,1.6479294680316032,1.2228186898634823,0.010000000000019327
239.9,-1.5037069347019767,-0.5411509334637058,-2.7893768309269853,-0.09830271800234591,-1.5976946725046124,-1.5700721738342611,1.7582507457196321,1.2193046570927242,0.0049999999999954525
240.2,-1.6010199304455184,-0.5903388935933621,-2.783137421803644,-0.09924157219574781,-1.7176897325724345,-1.5713358313709893,1.877833366263949,1.2118015904326547,0.005000000000023874
240.5,-1.6958632604504542,-0.6326234222406885,-2.7638443348133594,-0.09640144072915113,-1.83764846545775,-1.5591388863925788,2.002589190904231,1.2047054484207806,0.0049999999999954525
240.8,-1.789212210395299,-0.6951200619983227,-2.7211214585676515,-0.09017187368947077,-1.9515218305509705,-1.5399303639120183,2.113121735673474,1.1811910946556332,0.010000000000019327
241.1,-1.8834502882752278,-0.7240613673330187,-2.7109060751313843,-0.0799101669437654,-2.0713111542881926,-1.5198528291747475,2.2511861224037135,1.1910532459566368,0.009999999999990905
241.4,-1.9901430834738072,-0.82159199282975,-2.6780431847787227,-0.06763199926242613,-2.191047238795047,-1.5056627710852915,2.360393301892185,1.1723804136934313,0.010000000000019327
241.7,-2.0945784790414472,-0.8481590966245214,-2.677404610174819,-0.05782775233005388,-2.316751597592013,-1.5023495678286138,2.510999294435851,1.175055042346205,0.005000000000023874
242.0,-2.1896572761198216,-0.890446122140291,-2.6930067111546285,-0.052442272308026006,-2.4284946142279473,-1.5095077683196672,2.6331124428195936,1.1834989428349614,0.014999999999986358
242.3,-2.2870700175774354,-0.9594300759783179,-2.709678071975134,-0.05035048995920022,-2.5562444757581075,-1.5251350948672877,2.748223148249216,1.1845429771078464,0.009999999999990905
242.6,-2.382934426464277,-0.9821424136551458,-2.736251234106842,-0.05141397439123452,-2.6681015436511126,-1.5395579076431427,2.877228841516024,1.1966933264636994,0.014999999999986358
242.9,-2.4770792172020433,-1.0443196597429587,-2.7494258412955324,-0.05262743553264215,-2.796026905752516,-1.551197400110654,2.9910608013482975,1.1982284411848783,0.0049999999999954525
243.2,-2.5848762479186282,-1.096439081428839,-2.7514209497871507,-0.0513575410142586,-2.914005411288504,-1.5533754562970048,3.1180545860638684,1.1980454934901459,0.0
243.5,-2.6881114833834734,-1.152429966653408,-2.7427231802257284,-0.04747577658302937,-3.031975608143022,-1.5483365454130045,3.24124185374558,1.194386634812724,0.0049999999999954525
243.8,-2.780209024344744,-1.2085659759617011,-2.716651510265628,-0.039913027120357825,-3.1518925690163173,-1.536674914449121,3.359425605617314,1.1799765958165072,0.005000000000023874
244.1,-2.864502362193084,-1.2839773269077515,-2.689515725504778,-0.029979333234958716,-3.269742809964034,-1.5230289930955492,3.4608937220596205,1.166486732409229,0.009999999999990905
244.4,-2.9721848345418533,-1.2843587745801075,-2.6927668213571083,-0.018520605626251907,-3.3975164126954005,-1.5109077764137646,3.631744426677158,1.1818590449433437,0.009999999999990905
244.7,-3.0614542813420202,-1.3275240341740155,-2.6923538157662823,-0.010006618859737415,-3.509291817694699,-1.5068216286197342,3.75119227687376,1.185532187146548,0.009999999999990905
245.0,-3.1485486822689324,-1.4111338416780121,-2.6866011803569956,-0.003637520941790484,-3.6350375286877017,-1.5123019973047493,3.8517806040499405,1.1742991830522462,0.0049999999999954525
245.3,-3.24842246275292,-1.4487746094903782,-2.7113970663805675,-0.001478274482083819,-3.7457771116407574,-1.525959776395712,3.977293936413408,1.1854372899848555,0.01500000000001478
245.7,-3.37435240179114,-1.4758450462378405,-2.7561701507187144,-0.0038301540368266274,-3.886430839815407,-1.5547876258733753,4.143832053884999,1.2013825248453391,0.014999999999986358
246.1,-3.4587445121795564,-1.4965330033734863,-2.7969034792420184,-0.012880459801529298,-4.010870787687615,-1.5853324346772424,4.265662148025885,1.211571044564776,0.010000000000019327
246.4,-3.466979368367292,-1.509426624719497,-2.9674436807024027,-0.022174570581301012,-4.07715308710259,-1.6236900354604753,4.296498490686547,1.3437536452419274,0.009999999999990905
246.6,-3.481737507820111,-1.534902651111777,3.1388884450481838,-0.03053016079752524,-4.119618518462985,-1.6814094600216563,4.311796408352299,1.4628874021097469,0.010000000000019327
246.8,-3.4651025538429274,-1.5759624149113793,2.9539001248376286,-0.040643898915080356,-4.15595152381221,-1.7525950684336662,4.287570510365647,1.576690113908292,0.0049999999999954525
247.0,-3.4502944819470454,-1.570081077277514,2.7754528972980643,-0.052522168387264756,-4.185032284130245,-1.8329163301390616,4.287519855232619,1.6748160797424607,0.0049999999999954525
247.2,-3.4450133873673705,-1.5769388628965166,2.597401018059759,-0.06581165646054643,-4.206361494523576,-1.9184974358630287,4.281689819904782,1.7672868532567991,0.0
247.4,-3.436327903221411,-1.6338630232024316,2.442059087100602,-0.080389790915385,-4.220525171458786,-2.0074704746507326,4.237114782826907,1.833655745428252,0.010000000000019327
247.6,-3.4299241792356456,-1.628518215176974,2.25908287254394,-0.09667918558986699,-4.228057933468095,-2.1066522620226045,4.227070963993594,1.917450172613042,0.009999999999990905
247.8,-3.428633971764835,-1.6289283949605518,2.078510217128599,-0.10993996796849714,-4.228633742221223,-2.209635736290041,4.215708455693953,1.9950393537609463,0.005000000000023874
248.0,-3.423087938682795,-1.659340180217383,1.9074991528630267,-0.11435558154090941,-4.228633739805169,-2.3054815692381547,4.1891501771286475,2.070204585078405,0.0049999999999954525
248.2,-3.4085745561550267,-1.6703880622597864,1.7308446444385754,-0.11442545482553435,-4.228519924834828,-2.3980397549363457,4.17078612831101,2.1543009078046658,0.009999999999990905
248.4,-3.427730430425333,-1.639894578467704,1.5305020166175654,-0.11446441024811982,-4.227809377903182,-2.493080932745169,4.20416873229395,2.2596023578168523,0.010000000000019327
248.6,-3.4130028417341434,-1.639115951904577,1.3512554263052619,-0.11446441292646625,-4.225293522026438,-2.596029474006718,4.191499754326896,2.335900406867607,0.014999999999986358
248.8,-3.398424404375039,-1.650789661362692,1.1895772166700407,-0.11446441583474076,-4.220939564456332,-2.7079244438494285,4.170139533721365,2.385683646660117,0.01500000000001478
249.0,-3.4006250609339044,-1.6741676620692256,1.0087288471443798,-0.1144644189387698,-4.214721461153438,-2.830080538857249,4.15370501733562,2.444375921177957,0.014999999999986358
249.2,-3.385666166065741,-1.6934993556874114,0.8376599065695908,-0.12218599429808208,-4.206343920115138,-2.947499039523368,4.118821510638042,2.498026361086628,0.014999999999986358
249.4,-3.3551287743367486,-1.7160637902294582,0.6635923003422182,-0.14566119919527942,-4.1945576495881545,-3.0674847358279753,4.05507261670654,2.552108271009393,0.0049999999999954525
249.6,-3.3053889434588455,-1.6710227960697899,0.4918189858493403,-0.18720445030237443,-4.181523276500751,3.127785363619908,4.003209611749748,2.635966377770568,0.0049999999999954525
249.8,-3.2628530515741283,-1.6259566103300276,0.36618794446183073,-0.2489267367041581,-4.16659192009414,3.060934052292595,3.941900507202822,2.6947461078307646,0.0049999999999954525
250.1,-3.1791522782723107,-1.5878673567751604,0.2598197199839198,-0.359597058386651,-4.141860980390557,2.9914447540426883,3.804310064578408,2.7316250340587684,0.0049999999999954525
250.4,-3.0785587492944484,-1.555483118852804,0.23044344370806893,-0.4838939021279671,-4.117811606031702,2.9804660469581696,3.6466166435930663,2.7500226032501005,0.009999999999990905
250.7,-2.9802648603971145,-1.5344883427329514,0.2789509875571877,-0.5943221219663766,-4.1025003363043435,3.0112729622899987,3.5053399764069795,2.732321974732811,0.009999999999990905
251.0,-2.864419939185364,-1.497472928655698,0.3608209471407787,-0.7206029476375022,-4.089117201661144,3.0731169235702467,3.3634166157422793,2.712295976429468,0.009999999999990905
251.3,-2.763327980440734,-1.490292791625815,0.43402990877734565,-0.831552326663223,-4.080993726782879,3.1307043670630526,3.2316386728641575,2.696674458285707,0.005000000000023874
251.6,-2.675337456869214,-1.4554142867148618,0.4936984849865515,-0.9569341000208933,-4.075819857361281,-3.103903176443973,3.133597844571374,2.685583645749062,0.0049999999999954525
251.9,-2.604762122404656,-1.4005864867177873,0.5179528607478106,-1.0687287676311463,-4.076152880040744,-3.0888351469899216,3.08513435559231,2.676397299441854,0.01500000000001478
252.2,-2.5073706274577674,-1.357626150540859,0.512234624652366,-1.1965256496650944,-4.081593606353993,-3.0986061344006686,3.0229643160535904,2.672344548126552,0.005000000000023874
252.5,-2.435320567230269,-1.3070962230329106,0.485866189909992,-1.3182527593537419,-4.0829527885065495,-3.127508933639607,2.992193202230961,2.6698101836299877,0.009999999999990905
252.8,-2.3189880515452135,-1.2609646108407795,0.44652264073027537,-1.4359425320318646,-4.0805135963092365,3.1212928246818703,2.954594028117705,2.674770183951595,0.009999999999990905
253.1,-2.2158598728110346,-1.2447168488033926,0.38526345698900666,-1.5556537217281008,-4.074269661427235,3.093196180300117,2.905553524090589,2.70793272331111,0.0049999999999954525
253.4,-2.1426948537582287,-1.1893334269313283,0.37518156327712027,-1.675407266777306,-4.064571747361705,3.079712545782209,2.9129629397261043,2.704530982505089,0.0049999999999954525
253.7,-2.0330385712837304,-1.1536372481396808,0.3574218492138044,-1.7951712209957549,-4.057443376487178,3.08220968057393,2.913532376233616,2.7247878313601257,0.005000000000023874
254.0,-1.9375698796272065,-1.126728349269703,0.3724089516359232,-1.9169373038024613,-4.05417699727691,3.0974922406675525,2.927521356011667,2.7250832890316294,0.009999999999990905
254.3,-1.8417003483154215,-1.0933270475048487,0.40192456001478866,-2.036753440980746,-4.054804371846736,3.1181086238320845,2.967893807323553,2.716184063817296,0.009999999999990905
254.6,-1.7374759622059341,-1.0507742435062677,0.4362018619177799,-2.1486589097890665,-4.0586645340729754,3.13524285371563,3.035864854776745,2.69904099179785,0.0049999999999954525
254.9,-1.671175647576728,-0.9836023123747326,0.4465041903349535,-2.2746296866250493,-4.062545309217855,-3.137648432788801,3.1375223911636136,2.6990326840558323,0.009999999999990905
255.2,-1.5886245973961681,-0.9171478483027359,0.4470293090013706,-2.3866257777845004,-4.063471023859777,-3.1374349256798952,3.245944455616657,2.6987210724983206,0.009999999999990905
255.5,-1.5002351943916732,-0.9125076040886912,0.41546922421081195,-2.5145990760739885,-4.06070006771758,3.135427029824458,3.3075746208530723,2.719957805613646,0.009999999999990905
255.8,-1.3871685282471187,-0.8676409357795276,0.4027480104220544,-2.634540252653073,-4.0542900925239875,3.121698114134499,3.4220854850555185,2.718950103712445,0.0049999999999954525
256.1,-1.301419942260309,-0.8256804940711872,0.3934321601965967,-2.752457407598788,-4.0464867144065755,3.109240615055177,3.53257730768444,2.71580845485858,0.0
256.4,-1.2248547508778864,-0.7653789946858834,0.40464011439377295,-2.8723602407229833,-4.0392254632597355,3.101625812879893,3.6650163763431145,2.6969856984861202,0.0
256.7,-1.1545274830795027,-0.6940759177272857,0.4083766552271901,-2.9922596182113335,-4.034288221796209,3.1017223766119155,3.8123847702913753,2.6933457213847256,0.0
257.0,-1.0455030421559741,-0.6828290437879806,0.4051604213132088,-3.1101668644677627,-4.032149627403834,3.1078971835192624,3.9345628818200336,2.7027367622060536,0.0049999999999954525
257.3,-0.9360544734167048,-0.6800712362046545,0.40684332152395863,-3.2280889366577714,-4.0325696618137306,3.1181943555076646,4.061116555135557,2.711351033983706,0.009999999999990905
257.6,-0.8282286841252504,-0.6463054825828634,0.410987650565029,-3.3560396472633656,-4.034377783807882,3.128999115851064,4.22715769562592,2.718011465286035,0.009999999999990905
257.9,-0.7525187560888121,-0.5795641181534987,0.43914294650293256,-3.4680251286205817,-4.035498932029728,3.1347322113150375,4.395163284455126,2.695589264812105,0.009999999999990905
258.2,-0.6444928696320547,-0.5521650055227363,0.4367388564907371,-3.5940219324692073,-4.034816125355407,3.134951816248301,4.563833971015243,2.698212959757564,0.0049999999999954525
258.5,-0.5366345521976956,-0.48123889559732796,0.45329362264453343,-3.7060117278312816,-4.032230817540892,3.1303835172956047,4.7596738660475015,2.677089894651071,0.014999999999986358
258.8,-0.4561810313326264,-0.44952826333552803,0.42186180103825494,-3.833977281567998,-4.02692727572435,3.121542420834085,4.920090568469717,2.69968061979583,0.0049999999999954525
259.1,-0.39029374372806147,-0.39287054204212213,0.44506205569389445,-3.953923439949909,-4.02086460341381,3.113204789552804,5.085449588890096,2.6681427338589097,0.0049999999999954525
259.4,-0.2978790878900636,-0.3929174659067649,0.43551323413842374,-4.073855908279979,-4.015032621366864,3.1077273218461934,5.232372229451539,2.67221408770777,0.0049999999999954525
259.7,-0.2062452376374498,-0.3441968157028226,0.43426436212433583,-4.193783275738344,-4.010633590114976,3.1071493919004154,5.416938085862097,2.6728850297760793,0.0049999999999954525
260.0,-0.1455179444243262,-0.30698242896758166,0.43450294625085484,-4.313712737447208,-4.008635857540341,3.1123905276573995,5.574592894359868,2.677887581406545,0.0049999999999954525
260.3,-0.04656020892346106,-0.26259612536134874,0.42881925791473546,-4.433653434100556,-4.009042413028806,3.1214607460947685,5.769094101570197,2.692641488180033,0.0049999999999954525
260.6,0.05629915110354547,-0.2519594090311969,0.4331054886837185,-4.547614587692637,-4.0109349962099,3.1310863146648504,5.943561152985786,2.6979808259811318,0.010000000000047748
260.9,0.14317936488044514,-0.19444013015066972,0.4333753371297795,-4.667596840388063,-4.013041765748927,3.138649777188996,6.142091349741662,2.7052744400592164,0.009999999999990905
261.2,0.18160084611918484,-0.1869499877547887,0.40611102316001024,-4.783821418048454,-4.012995340423211,3.1389337772842403,6.268495936200909,2.7328227541242303,0.009999999999990905
261.6,0.3035030750806015,-0.16002705658931046,0.38301559021350684,-4.919995633348643,-4.008620697285538,3.1263879374484205,6.488190176633961,2.7433723472349136,0.015000000000043201
262.1,0.39064479933425067,-0.17153020574832212,0.25127566766132986,-5.06184160879247,-3.9943360552458453,3.083320532853835,6.659087970117162,2.832044865192505,0.0049999999999954525
262.3,0.36250780434468133,-0.14553722763341592,0.09693287826983567,-5.10466738376704,-3.9870333557908144,3.0433436586758047,6.681848325138242,2.946410780405969,0.009999999999990905
262.5,0.351901951245934,-0.18343538227828363,-0.07944962326689607,-5.144966008185726,-3.9779675038067386,2.9796714882615527,6.679373577270373,3.059121111528449,0.0049999999999954525
262.7,0.3866373043271009,-0.13063346299770148,-0.25328966113976625,-5.178225967224149,-3.9671456036024697,2.9058992678712072,6.759181062530272,3.1239963781686133,0.009999999999990905
262.9,0.3754104750571149,-0.11405000264328267,-0.4336017711385533,-5.204278434741241,-3.9545580714841333,2.823836375802781,6.773657103585806,3.0257471602382524,0.0049999999999954525
263.1,0.36311412828598816,-0.054804347667403275,-0.5923488706765478,-5.222361934536945,-3.9409565836184526,2.7395586968373915,6.8043899101503085,2.9512777396656475,0.0049999999999954525
263.3,0.35660873201820337,-0.07133256822920352,-0.7683402560337113,-5.2342185684282345,-3.925356352001301,2.645034489362404,6.790496979551511,2.8698105617834715,0.0049999999999954525
263.5,0.35808860227278266,-0.13476906302492864,-0.9681963444288209,-5.237594269666982,-3.910802302975965,2.543573178694187,6.750562482677659,2.771415784056579,0.0049999999999954525
263.7,0.351275865280198,-0.14992773074086774,-1.1376690455883534,-5.237594267190941,-3.9027827261698684,2.4469199725395367,6.731967763911557,2.6985962890516966,0.009999999999990905
263.9,0.38206415642440894,-0.1563974679772295,-1.310332576361659,-5.2374792818274525,-3.902000663941069,2.352628603632769,6.753429629159845,2.620224127185159,0.009999999999990905
264.1,0.36251147853179233,-0.14267892819585032,-1.462617710359244,-5.237265372177861,-3.901891639351285,2.258421634170348,6.744566775224063,2.5621459626499945,0.010000000000047748
264.3,0.3903272144651958,-0.15419954954934134,-1.6691355892794741,-5.235478631490675,-3.90189163677082,2.1588006900916965,6.759799360706924,2.4552490278084154,0.009999999999990905
264.5,0.39133299404963473,-0.09377242594905497,-1.852748144207864,-5.2318628962862785,-3.9018916339522627,2.050635912257679,6.79132563815443,2.3798012507140434,0.009999999999990905
264.7,0.37206239688413834,-0.08844533990891755,-2.0430018924736904,-5.226553687089739,-3.901891630999526,1.9358783466066884,6.773985139544057,2.304305068099208,0.014999999999986358
264.9,0.3506083451164759,-0.008718032631465807,-2.248490225556986,-5.219109860440092,-3.897323758181238,1.814241558302142,6.792865034584946,2.2204535233204585,0.014999999999986358
265.1,0.3040417391865765,0.046461198747462996,-2.385341709655207,-5.20935041396022,-3.8785043579580893,1.7058456566673779,6.767780112836527,2.191997940857002,0.010000000000047748
265.3,0.28676245484235086,-0.3400518251949334,-2.681393425181052,-5.197361955958513,-3.844058146236758,1.6111980073207077,6.5079705631666,1.990593874677827,0.014999999999986358
265.5,0.22723668794493918,-0.3708198350798494,-2.8173731119283167,-5.183389786948132,-3.792459445599811,1.5311048778740615,6.401757295859708,1.9347073173772087,0.014999999999986358
265.8,0.1693451155572762,-0.33759063790313915,-2.929923236959888,-5.157358461451565,-3.6759669926590552,1.4384665881146823,6.286376355525668,1.9147954821050155,0.009999999999990905
266.1,0.0938211479619667,-0.3316435802961875,-2.9614751765810188,-5.130458526354326,-3.555832811665538,1.4055443607368086,6.139095561656655,1.916165769861759,0.009999999999990905
266.4,0.0189482156228475,-0.4117552875119945,-2.973707084869239,-5.112453078532818,-3.4394744789617664,1.4225221396470145,5.958050246845498,1.886956082663333,0.010000000000047748
266.7,-0.10025862462629562,-0.4686670906560137,-2.9159030987832923,-5.098136994747206,-3.323289635115778,1.4768379660336741,5.755663130679243,1.8904442423626195,0.0
267.0,-0.16360639977443595,-0.47244057612636675,-2.8048229001237472,-5.087701219325096,-3.2087744500879825,1.5429352094317834,5.6333145537698694,1.9354271976240558,0.009999999999990905
267.3,-0.247094787697245,-0.4564872766846848,-2.721412928788174,-5.080345118000729,-3.081823708191728,1.6080533568299606,5.500245461247786,1.953719021561452,0.009999999999990905
267.6,-0.3340138853525528,-0.4805257097043227,-2.6812993092359463,-5.078049036292606,-2.9702681217754123,1.6375354930732273,5.357675502661615,1.9643505048704129,0.010000000000047748
267.9,-0.3989102971252144,-0.5404904973253092,-2.7167070572767966,-5.085207035641348,-2.844587728620479,1.6364135620410425,5.222091647289333,1.9300646878617471,0.0049999999999954525
268.2,-0.48538888547839276,-0.5498133704010553,-2.736129003094321,-5.089614264409608,-2.732939357604171,1.6117548919719373,5.095579497564126,1.9353014121133285,0.009999999999990905
268.5,-0.5368058512772614,-0.29676005324119886,-2.6690153569453363,-5.090568666963398,-2.6053810349648154,1.5708858785021154,5.105534900358653,2.0432840717321348,0.0049999999999954525
268.8,-0.5965943183389122,-0.36240573573649343,-2.650859577731255,-5.087851040302832,-2.4937052541373586,1.5377426459066577,4.971300089485833,2.0945830835416737,0.014999999999986358
269.1,-0.6772708997282438,-0.40572491903968644,-2.704349093080062,-5.080714837712277,-2.3659646734596342,1.5162240793936475,4.820047552646831,2.062612134705877,0.009999999999990905
269.4,-0.7238890741389316,-0.45079782574796556,-2.706508084561981,-5.073099233949941,-2.244171135720235,1.514319581280637,4.704446496998792,2.0623576413369684,0.010000000000047748
269.7,-0.7840790538239042,-0.5011015336672658,-2.7134767182993165,-5.069679210848232,-2.1323637408257023,1.5264577867223659,4.585562680237874,2.0432508021579046,0.009999999999990905
270.0,-0.8987166097384952,-0.7167103017285865,-2.7923888243502217,-5.069837069928161,-2.004561587684066,1.5487121044419458,4.36541027031252,1.9420843783874189,0.009999999999990905
270.3,-0.9677883745743922,-0.5993372754035629,-2.6890313246960202,-5.073520359147906,-1.8926677078979741,1.5673795689259258,4.304618303260598,2.0267744135576407,0.009999999999990905
270.6,-1.0794022975550992,-0.7770962073443176,-2.7462667910042478,-5.078569442848648,-1.7647078794022697,1.57953020848039,4.119309975078406,1.9573883076949488,0.009999999999990905
270.9,-1.147896551185378,-0.8066564144921455,-2.760071958817765,-5.080268747478009,-1.6527155576764188,1.5808930201409501,4.022358408190527,1.942220328220871,0.0049999999999954525
271.2,-1.2172191341651035,-0.8348708627273368,-2.7835984865888705,-5.079118357181795,-1.526731473732578,1.574129907971177,3.9233833248610144,1.9254569126195389,0.0049999999999954525
271.5,-1.2817936659434073,-0.826558479615977,-2.822859890571642,-5.075137323352113,-1.4147600673834788,1.5639331795290015,3.838676492107021,1.896392237078943,0.014999999999986358
271.8,-1.382042942159027,-0.8121754795382152,-2.8764478485711704,-5.068772626642543,-1.2868084744519825,1.5515445948466056,3.717156473208081,1.8551928637618105,0.0049999999999954525
272.1,-1.4578784340398978,-0.8234293906423873,-2.9079938155597125,-5.0633730133644175,-1.174854477183012,1.5441309996745365,3.6225806758426486,1.831060491945337,0.015000000000043201
272.4,-1.5375013923063279,-0.8397190072135634,-2.9067874270450944,-5.059030771337863,-1.0529062205105868,1.5419016772755725,3.5279764675087586,1.8344962028589198,0.009999999999990905
272.7,-1.6387244854180811,-0.8312542824653293,-2.9429280468470305,-5.057073481046219,-0.9349548489461924,1.5454790438542665,3.4199215873175146,1.7947782164782897,0.014999999999986358
273.0,-1.7177960056506218,-0.8835982137133076,-2.9557125336912953,-5.057276348552858,-0.8070005378096844,1.5534055184581927,3.3403586880130507,1.7740672550300982,0.009999999999990905
273.3,-1.8117551032248167,-0.822223995941119,-2.9503882607393663,-5.0586486810867815,-0.6870274607508146,1.5612736455582217,3.2497070651196753,1.7715234008819982,0.0049999999999954525
273.6,-1.844461105868724,-0.8386406894523835,-2.936722935329112,-5.0598638789525765,-0.5710375924638813,1.566515314089153,3.2265192407102066,1.7799470577613212,0.0049999999999954525
273.9,-1.9542314658390116,-0.7814586242762425,-2.959423989984634,-5.060180910973347,-0.453039339917459,1.5682940860491257,3.123264507221414,1.7554672311458266,0.009999999999990905
274.2,-2.026091240524001,-0.8418959049436421,-2.977628497385794,-5.059007839772541,-0.33304140899027024,1.5661553853248753,3.0753074636610385,1.739401424468917,0.0049999999999954525
274.5,-2.1154751505040013,-0.854997957441381,-2.972644230262385,-5.056214490467605,-0.2070508630709742,1.5610896076328253,3.011276025659658,1.7494514692843757,0.009999999999990905
274.8,-2.2031144703715797,-0.9364381878440987,-2.9546991983119724,-5.053060577703912,-0.09506533137136389,1.5563434583318272,2.9715486027167386,1.772142650535787,0.009999999999990905
275.1,-2.2390965657470256,-0.9425683110512517,-2.968411797808564,-5.049557023158979,0.03291378010454833,1.5526636569676309,2.9749375275527883,1.7621098524033914,0.0049999999999954525
275.4,-2.3076543447742806,-0.9517996242158606,-2.9421389020169455,-5.0470033031764,0.14489337912543032,1.5514972980310935,2.9507233451268378,1.7895491071315475,0.014999999999986358
275.7,-2.383873620014061,-0.9912500269628872,-2.92374301484295,-5.044970292070019,0.2728699134710487,1.5525722583239339,2.94608803701281,1.8068700340127022,0.0049999999999954525
276.0,-2.6812663211438315,-0.8281445849235818,-3.0080492460463066,-5.043954178640554,0.3948503301344085,1.5553615546410173,2.660453058074913,1.7197745064922627,0.009999999999990905
276.3,-2.7669884836030736,-0.8192261140423159,-3.0220177453352535,-5.043600449764394,0.5088365387013425,1.5585960563863863,2.6356616729165823,1.7025715054579467,0.0049999999999954525
276.6,-2.8080753068330924,-0.704711516980871,-3.06614750910249,-5.043400946707797,0.6288275139650529,1.561459924139769,2.602884373793321,1.6555778739373272,0.0049999999999954525
276.9,-2.8746555902237456,-0.8362975743832556,-3.0201046105000726,-5.0428836521650915,0.7548224044248188,1.5629058346629312,2.6894006238476504,1.7001748620165824,0.010000000000047748
277.2,-2.926116141058515,-0.8146563092417844,-3.005622037581111,-5.041754225676577,0.8748184654514114,1.5624471412869643,2.7074433547926735,1.715116128311511,0.009999999999990905
277.5,-2.9506369882465853,-0.8055327562530281,-3.0219676078724054,-5.040081411735198,0.9868129575775205,1.560719105027109,2.7528678058952267,1.700498594280072,0.0049999999999954525
277.8,-3.0144967398881777,-0.7092392532988387,-3.0527560116447456,-5.037758346200048,1.1068035895150894,1.5581712533883334,2.7187495534733213,1.6722580421465072,0.009999999999990905
278.1,-2.973560011417915,-1.05497165282673,-2.9319069167355565,-5.03530672934963,1.2247911417131176,1.5559844608401785,3.073779095554906,1.795293929603851,0.010000000000047748
278.4,-3.2694822274322055,-0.99374611521053,-2.9527224990117467,-5.0328458574035775,1.352775263715584,1.5547375597601203,2.935236595789703,1.775725248407719,0.010000000000047748
278.7,-3.364225596613035,-1.1062507139524713,-2.91166249224559,-5.0310523013778905,1.4647606692455817,1.5547758073544937,3.064051369714815,1.816747007579503,0.014999999999986358
279.0,-3.5478804987499193,-1.149179934002729,-2.9234569226625493,-5.029572900342403,1.5867455640458836,1.5558849810389597,3.111382442550169,1.8038434034780775,0.009999999999990905
279.3,-3.376261632648029,-0.7646732707718014,-3.02624198998989,-5.0285024686287905,1.7147321410693368,1.557788934186304,2.9794883749310936,1.6991543830033928,0.009999999999990905
279.6,-3.7039509895369847,-1.1049076486218037,-2.93079131497701,-5.027721232391347,1.8347225311906181,1.559561459599653,3.2239406399514725,1.7928325326029235,0.009999999999990905
279.9,-3.785457471977929,-1.0383363684267013,-2.9464295075422964,-5.026879537878097,1.9547154459912603,1.5606947647597547,3.240291330959995,1.7760610348775352,0.010000000000047748
280.2,-3.8380910784006503,-0.9972368215066345,-2.9400352506999594,-5.02579371895656,2.0667098450850876,1.5607765230410766,3.2860929290118994,1.7823735334385502,0.009999999999990905
280.5,-4.0030924118494315,-1.2771690339563158,-2.851920994953094,-5.024184247276459,2.186703080721685,1.5598240505872607,3.611237815932313,1.871440261639232,0.009999999999990905
280.8,-4.129083056382519,-1.2562914578664734,-2.8804011562568563,-5.022194996425291,2.3066942344900787,1.5582813202169292,3.673216027051018,1.8445028307058007,0.009999999999990905
281.1,-4.1650927249551035,-1.0623549821544904,-2.9921425542547038,-5.019919997179944,2.432682429149147,1.556706665551091,3.5980572774417294,1.7343360873737919,0.0049999999999954525
281.4,-4.289706009564076,-1.0718234431030482,-3.0058456147900228,-5.017989293022845,2.544670393368452,1.5559087849964344,3.6890953105337134,1.7214309073931295,0.009999999999990905
281.7,-4.483004542896,-0.9696610993269108,-3.0456103860327706,-5.016029629953735,2.6726559621381103,1.5558068443478064,3.6811125111400886,1.68176807679901,0.0049999999999954525
282.0,-4.2150125838463515,-0.6994447349926699,-3.1151307723507955,-5.014641382229128,2.7846437179565733,1.556492938346104,3.574671811953838,1.6115615964826875,0.009999999999990905
282.3,-4.32118081572802,-0.6328048641187154,3.136016771507495,-5.013411439040421,2.912631312585611,1.5578627779138092,3.612381613137691,1.5781539935936857,0.009999999999990905
282.6,-4.615825499982408,-1.0420863606285586,-3.048789583835756,-5.012425485733006,3.034621701665837,1.5592046555318735,4.095954122530366,1.675191067811957,0.009999999999990905
282.9,-4.803278417988147,-1.2103338090991107,-2.9991985942879045,-5.011419124255658,3.1526142052625388,1.560016464631161,4.367910018490284,1.7239702482605213,0.0049999999999954525
283.2,-4.94136319533354,-1.2053325245569375,-3.0026639504401427,-5.010170583407744,3.2686075181574643,1.5600047932215637,4.474469126327383,1.7205165635178796,0.0049999999999954525
283.5,-5.10348400592701,-1.2061044668774454,-3.0069676822179683,-5.008568512721714,3.3866000616289105,1.5592318371984502,4.593685213095603,1.716985787763168,0.009999999999990905
283.8,-5.197976676113995,-1.1295391470001181,-3.044978266627765,-5.006592923673338,3.5065906488146616,1.5578818283332918,4.640078364030058,1.680325212218529,0.009999999999990905
284.1,-5.341495468361802,-1.2139422186061473,-3.029861887095227,-5.0044002312817994,3.626578913899726,1.5564153389839168,4.852244638628392,1.6969080811004427,0.0049999999999954525
284.4,-5.4090983383596996,-1.0991461544860097,-3.035515970240497,-5.002244336381391,3.7458671184161303,1.555401032404361,4.862065794857538,1.6922683045347287,0.009999999999990905
284.7,-5.562007922442163,-1.1952370019818264,-3.023904505976407,-5.000557438572049,3.854011573457577,1.555381421201686,5.080367882586342,1.7038993800014934,0.014999999999986358
285.1,-5.621644016173867,-1.2020709170713457,-3.0212524675829666,-4.999271649455737,3.9796260623343436,1.55726102561062,5.218939638397476,1.704671813986,0.015000000000043201
285.4,-5.619968636911282,-1.3135386980369954,-3.100792747909088,-4.996497161504173,4.058385004573713,1.545813127977386,5.407983075723986,1.6365794312931128,0.010000000000047748
285.6,-5.596240819577958,-1.357378912847112,3.0437618093519827,-4.992906200801906,4.101973251647446,1.5131691389993565,5.492589436521272,1.5305926703526263,0.009999999999990905
285.8,-5.635241552689004,-1.1698794329931008,2.815922886403599,-4.987550960853252,4.144243693924229,1.453207782498478,5.353448207537845,1.362715103905121,0.0049999999999954525
286.0,-5.614524320532271,-1.212086476482261,2.6286230816354053,-4.98103318465205,4.177491944465486,1.3869082481680552,5.426680990696286,1.24171483346735,0.009999999999990905
286.2,-5.766673236482896,-0.3839933906671276,2.3442576824432777,-4.9722882718779875,4.2064540758288675,1.306512428875796,4.658675285384231,1.0377452535674816,0.009999999999990905
286.4,-5.5888084089188625,-0.9644679403243439,2.232788050822535,-4.961769125832264,4.228124044646374,1.2186107097337802,5.230314501530084,1.0141773410887547,0.009999999999990905
286.6,-5.566709010324483,-1.004641996863903,2.0506212136816147,-4.94813939419973,4.243617386424772,1.114995326360913,5.28458654241468,0.9356258873207017,0.009999999999990905
286.8,-5.421559832458534,-3.726994759594307,2.2796158239156012,-4.9354137677414105,4.249921059407329,1.0259456200299555,7.99171595964712,1.2536702038856458,0.009999999999990905
287.0,-5.622723193761307,-0.02082494291279721,1.5536272688922774,-4.923092985150747,4.25067269584357,0.9239581839768655,4.328414779882085,0.629669084915412,0.009999999999990905
287.2,-5.755773817450277,0.17267240362926858,1.3277179666195962,-4.919370954048468,4.2506697872214705,0.8286742552572612,4.162887508748176,0.49904371136233494,0.009999999999990905
287.4,-5.507406095123517,-0.49118499870206045,1.2214605654628163,-4.919266965595943,4.25056155453881,0.7337763664785064,4.778082043127045,0.4876841989843099,0.009999999999990905
287.6,-5.476496636144589,-0.606970085039685,1.052852571150168,-4.919264828890158,4.249681327428025,0.6380520138264433,4.888514112615472,0.4148005573237247,0.010000000000047748
287.8,-5.633075844649714,-0.7156692852972499,0.8995273794428759,-4.919264826256706,4.247072216762638,0.5369105041638135,5.0138138563619306,0.36261687527906233,0.009999999999990905
288.0,-5.4604995629094235,-0.4406286132965251,0.669277435926425,-4.919264823330925,4.2425790136921275,0.4242459937570029,4.7143789326709085,0.24503144216942208,0.014999999999986358
288.2,-5.490685477447512,-0.2279621937511305,0.4588011610949217,-4.918908157589213,4.236204574089615,0.3020899993657134,4.5006348701708765,0.1567111617292083,0.014999999999986358
288.4,-5.626853974151076,0.6894854975418113,0.15740397668022157,-4.909682466270452,4.227659012211851,0.184042268501265,3.610125592223671,0.026638291821043436,0.014999999999986358
288.6,-5.429638079057216,0.03184829006673442,0.046296189256932616,-4.886607043943036,4.216858231676293,0.07628387544135383,4.220093709441535,0.029987686184421214,0.015000000000043201
288.8,-5.381058371587409,-0.10480756856133022,-0.09906768214331264,-4.844629562673305,4.203486429861525,-0.016691631350036158,4.341561129810267,0.08237605079327648,0.009999999999990905
289.0,-5.403897091863955,0.005316026947255928,-0.2350845520904751,-4.7791145424430095,4.18735596651467,-0.0933093220919664,4.228452588145924,0.1417752299985087,0.0049999999999954525
289.3,-5.676880758949126,0.38959635333752746,-0.3634362848972626,-4.665446368148849,4.161964150189741,-0.16000431456137193,3.9056060120832914,0.20343197033589067,0.0
289.6,-5.567984239826645,0.27176364131239333,-0.379099286479907,-4.547228123037245,4.138896942379656,-0.16743146577258702,3.9995828555221054,0.21166782070731996,0.0
289.9,-5.233148638960263,0.3127348129337261,-0.37609916354073086,-4.430992202954679,4.121939288535688,-0.13405351793624998,3.892748859709704,0.24204564560448089,0.0049999999999954525
290.2,-4.925203602974019,2.9156691067155873,-0.7157311181235327,-4.306774002646639,4.107949807790392,-0.07217159221923039,1.3431263681115457,0.6435595259043023,0.009999999999990905
290.5,-4.861392381603485,2.80527978977586,-0.6275437259468302,-4.195797789271042,4.099068874477777,-0.01628048766280751,1.4549592286507607,0.6112632382840226,0.009999999999990905
290.8,-5.156610439364392,-2.6739200369557836,0.31932650454795947,-4.076315812998956,4.093230136069178,0.028106345861519215,6.852835759306203,0.29122015868644024,0.009999999999990905
291.1,-5.0239031159359975,0.0879077646237164,-0.12817448508181487,-3.9585186939750283,4.092194107782532,0.04663274807603657,4.14359180959772,0.17480723315785143,0.015000000000043201
291.4,-4.782007672205481,-0.4223685185354379,-0.06256278797038001,-3.830675525303345,4.096800618563566,0.037844825808048155,4.618216381184145,0.10040761377842816,0.0049999999999954525
291.7,-4.543573802459516,-3.047294086044392,0.2532840016787525,-3.718889314327134,4.097451933385826,0.013053044176176865,7.192183269851382,0.24023095750257561,0.009999999999990905
292.0,-4.6404977526011955,-0.3946813691482052,-0.18249790577169442,-3.591205597735769,4.094123869425505,-0.022962258100625254,4.609814149844754,0.15953564767106918,0.009999999999990905
292.3,-4.738588552564596,0.19979245196323245,-0.2904678901836951,-3.469495144537385,4.086932727168885,-0.050577003876089426,4.089065614223376,0.2398908863076057,0.009999999999990905
292.6,-4.640842275287639,-0.04563944439722369,-0.2967812243495534,-3.3517574912835215,4.076672862954423,-0.06442558721882335,4.31916639407349,0.23235563713073004,0.009999999999990905
292.9,-4.517217374772677,-0.050439480419085914,-0.32139105389984135,-3.2320157419368467,4.068981070869994,-0.06264628970076386,4.315248418738684,0.2587447641990775,0.0049999999999954525
293.2,-4.378605249257507,0.18232473274919983,-0.30480180016278197,-3.1122663222594777,4.0651401811387595,-0.047955543891719764,4.084099666301392,0.2568462562710622,0.0049999999999954525
293.5,-4.41650552208828,-0.02574798460680201,-0.2400257694032105,-2.996459568381713,4.065047535357194,-0.028356887415652655,4.330258479212978,0.21166888198755784,0.0049999999999954525
293.8,-4.286087606999711,0.027506786040547487,-0.23929808718360437,-2.8785710959730473,4.068531928512424,-0.010011576200845912,4.279133899622975,0.22928651098275846,0.009999999999990905
294.1,-4.0367876174497495,-2.224242030009852,0.0884006390367737,-2.7506051747555365,4.072316978524252,0.0011235060295771402,6.426579231896766,0.08727713300719656,0.009999999999990905
294.4,-3.8705588992141515,0.16492116160022888,-0.318807103527277,-2.640607073389262,4.072504694230999,0.0007831996897653677,4.096582790367742,0.31959030321704235,0.014999999999986358
294.7,-3.579751827764568,0.4645645346424906,-0.40463237196416113,-2.5126306722496796,4.0691395661440035,-0.008677851165774686,3.759216503245266,0.39595452079838644,0.009999999999990905
295.0,-3.9267508858294335,-0.19694885387543165,-0.18999656535482295,-2.4006870236368343,4.062908943196313,-0.02126717411876571,4.5249595979150055,0.16872939123605724,0.014999999999986358
295.3,-3.5678518338260883,0.06836733004323836,-0.3462806211086891,-2.272785141882057,4.054137023010397,-0.034925703139243286,4.190889855622356,0.3113549179694458,0.0049999999999954525
295.6,-3.633742345495109,-0.1523255735810772,-0.3100426125078458,-2.1508940911391274,4.046616614810265,-0.04222945111506714,4.453083700863847,0.26781316139277866,0.009999999999990905
295.9,-3.5503342257060755,-0.34075799583321065,-0.24169141364944274,-2.0330022202500864,4.041679400712202,-0.04179932587735419,4.637677646130747,0.19989208777208856,0.010000000000047748
296.2,-3.476351688430897,-0.27003614693065126,-0.2434434670679661,-1.9091092189440229,4.039546841831435,-0.034428927610008805,4.5857119943571325,0.20901453945795728,0.014999999999986358
296.5,-2.961558838620119,0.005765117630897766,-0.3681385564987575,-1.797185009723135,4.039791864481592,-0.02487655394121791,4.198706730378655,0.3432620025575396,0.0049999999999954525
296.8,-3.2267817655247564,-0.4724356587912848,-0.17661835261806974,-1.6712345971601152,4.041068368397119,-0.014922527192784871,4.774038709149015,0.1616958254252849,0.009999999999990905
297.1,-3.021209262344501,-0.41152251833703546,-0.2674149046835441,-1.5512502549171305,4.041474403820087,-0.010036614755751554,4.689345484420791,0.25737828992779255,0.009999999999990905
297.4,-2.9147611219219463,-0.5210413163153559,-0.29924204241454094,-1.4392562204156008,4.040343554128891,-0.010373011662746328,4.794094977228437,0.2888690307517946,0.009999999999990905
297.7,-2.955590387847803,-0.683449553084089,-0.18301725602496732,-1.3212729135266965,4.037012969917005,-0.015519431884330507,4.995373863679192,0.16749782414063683,0.014999999999986358
298.0,-2.8921626053771186,-0.4588229092656475,-0.39536822208142675,-1.1933162590833124,4.031228272569458,-0.024173436213667767,4.800691463093066,0.371194785867759,0.009999999999990905
298.3,-2.8642280281495256,-0.3884965136161418,-0.35031088252780945,-1.0813782559377607,4.025099626778799,-0.03207931267996343,4.760082373319253,0.318231569847846,0.014999999999986358
298.6,-2.751023823100115,-0.5302174697169258,-0.4508877430858565,-0.9534691319120476,4.018287625880025,-0.038088841413245464,4.89081807804008,0.412798901672611,0.009999999999990905
298.9,-2.488613507805484,-0.7385774121096184,-0.38660904558270986,-0.8315598241559066,4.013732670025997,-0.03759279563755592,5.032919433814182,0.34901624994515396,0.010000000000047748
299.2,-2.480244828924172,-1.0758649025409732,-0.4236089560296758,-0.7136426805715104,4.0117801928315995,-0.031550480194427404,5.385630489277261,0.3920584758352484,0.0049999999999954525
299.5,-2.3820296485823422,-0.9539410497989884,-0.3201160263600965,-0.6017072841083468,4.012089418401623,-0.022583346972133506,5.27551005425476,0.297532679387963,0.014999999999986358
299.8,-2.290401589044683,-0.931538955490609,-0.3683060249505485,-0.4737532433605107,4.013815190616562,-0.01216488974290651,5.268466460204186,0.35614113520764196,0.0049999999999954525
300.1,-2.292787620006937,-0.8941871432000206,-0.42297799604000197,-0.35176804909457005,4.015078459919103,-0.006035273548510225,5.279057277263943,0.4169427224914917,0.009999999999990905
300.4,-2.1074786437990216,-0.6405670940406089,-0.4139010202572465,-0.2337292077398665,4.0141572226668165,-0.007211506585553726,5.0177081833920365,0.40668951367169276,0.010000000000047748
300.7,-2.1955354418153674,-0.9504413026491058,-0.4250126111437952,-0.13409048208039742,4.010764609697066,-0.016426951177278146,5.372440732731755,0.408585659966517,0.009999999999990905
301.1,-2.1462843030251175,-0.6965457529500992,-0.4418988886189213,-0.0072302600945306494,4.000099713407888,-0.0439765380475944,5.1608168767394496,0.3979223505713269,0.009999999999990905
301.4,-2.2282513740433636,-0.8821169333125646,-0.6547857831321294,0.05909694304109081,3.991500533898955,-0.07777122733026294,5.383689212833363,0.5770145558018666,0.014999999999986358
301.6,-2.2997868674987303,-0.5449140927096514,-0.8303307928393291,0.10318485894362794,3.9837004602167982,-0.130613650327326,5.126658062232997,0.6997171425120032,0.010000000000047748
301.8,-2.353806733769271,-0.7333212517961589,-1.0633829738215628,0.14129069196998056,3.9741486173685643,-0.19705117181782367,5.32783105334848,0.8663318020037392,0.014999999999986358
302.0,-2.013343921630058,-0.8854708953543273,-1.1122999115592966,0.17227413795018887,3.962839513746021,-0.27273177924095554,5.318180151645308,0.839568132318341,0.014999999999986358
302.2,-2.3845614863080846,-0.6554317137049095,-1.4892128093443913,0.1960896458558432,3.9497637391084504,-0.35613963538591287,5.278975793139406,1.1330731739584783,0.009999999999990905
302.4,-2.154634307621876,-0.8023607107348402,-1.6233768156633093,0.21276123197168317,3.9349545537392294,-0.4458954870016997,5.2959151764266865,1.1774813286616097,0.014999999999986358
302.6,-2.116046814339852,-0.9270767196563948,-1.7657895580312422,0.2219236693471318,3.9180889273390114,-0.5576266739683151,5.379752422687866,1.208162884062927,0.014999999999986358
302.8,-2.4182657751584045,-0.6664047821568584,-2.0856904333190607,0.22242779515199462,3.9067236397995315,-0.6590117964317983,5.280792184510202,1.4266786368872624,0.014999999999986358
303.0,-2.256234333356749,-0.8206485960952116,-2.21302296116132,0.2224205287335046,3.9039480257327575,-0.7466286120838957,5.3353109716634055,1.466394349077424,0.0
303.2,-2.263202997271794,-0.8475227394370912,-2.3582787356949684,0.22231586914529977,3.9038411110215456,-0.839177346249874,5.36220686609165,1.5191013894450944,0.0049999999999954525
303.4,-2.28592710131357,-0.9091417359709274,-2.5220169569840256,0.22124797995445888,3.9038411078477098,-0.9425906756623132,5.42685274749775,1.5794262813217124,0.010000000000047748
303.6,-1.92630816970049,-0.9690737410673764,-2.5911695791407547,0.21836613904273072,3.9038411051209567,-1.047278832684383,5.323995397141688,1.5438907464563718,0.009999999999990905
303.8,-2.3382118284764073,-0.8276242697379752,-2.9615585356698393,0.21419745838776993,3.903841102473774,-1.149306214590551,5.376016902513363,1.8122523210792882,0.009999999999990905
304.0,-1.4104473547315635,-1.4755219741557473,-2.864150114852652,0.2077736950576643,3.903415682844758,-1.2715852091770967,5.617081954527549,1.592564905675555,0.009999999999990905
304.2,-1.470328086691588,-1.4425271460622244,-3.0414502916481974,0.19843771544051503,3.892662942121787,-1.3979662608551646,5.590083414352823,1.6434840307930327,0.0049999999999954525
304.4,-1.763348591351963,-1.6454634824843168,3.064380247436151,0.18741358507279138,3.8681371761940886,-1.5046511694644369,5.84852676255725,1.7141538902789988,0.0049999999999954525
304.6,-2.1129379897954714,-1.254123572081928,2.6379899672471243,0.174209411063166,3.824207348073847,-1.5900271302009985,5.569603950718993,2.055168209731464,0.009999999999990905
304.8,-0.9869239907927367,-2.8622844132873086,2.8088994496537043,0.1591437952793875,3.762689034766211,-1.6603704768738141,6.723373004503499,1.813915380652068,0.009999999999990905
305.1,-1.2789265905000682,-2.643464686972404,2.629366849588732,0.131907471463097,3.6409488159964543,-1.7301822958077806,6.4408311440910175,1.9236361617830744,0.01999999999998181
305.4,-1.2719595666086787,-2.565949600798696,2.6508069095984226,0.11045088897583977,3.5325638280479588,-1.7400535931911727,6.253233140506787,1.8923248043899916,0.0049999999999954525
305.7,-3.7653448114873664,1.2600442420244824,1.418907326328833,0.09300833478168169,3.4182763755499344,-1.7160668570507096,4.420956338113518,3.1349741833795424,0.014999999999986358
306.0,-2.8152728804086684,-0.6168723135822344,2.2806279800316096,0.0779458347071591,3.2921489110359694,-1.6574301195904282,4.863245980619537,2.3451272075575487,0.009999999999990905
306.3,-2.8394567466988825,-0.6039979475663568,2.31554248729501,0.06752894617118699,3.169472236600121,-1.5923215459955444,4.763364677341498,2.3753212738890324,0.014999999999986358
306.6,-2.820965387081345,-0.6208238115723634,2.368643683792757,0.06139332113171836,3.052043011357045,-1.546364078112836,4.668826664354465,2.3681775452739937,0.009999999999990905
306.9,-1.9767703644107,-2.9058499942985865,2.9680173571301767,0.05963662304424133,2.932246474695692,-1.5261948299424544,6.1830675073007875,1.7889731201069552,0.010000000000047748
307.2,-2.0963549200166627,-2.9212322384422906,3.0116483901737965,0.06385516741462904,2.8203676437217835,-1.5309071320660819,6.134531508494061,1.7406297849397083,0.009999999999990905
307.5,-3.7816201397547893,1.5715731836943636,1.738522668170274,0.06501328828180863,2.6945828387131616,-1.556113229547317,4.007210927185395,2.9885494094619958,0.0049999999999954525
307.8,-2.2336204726294673,-2.87291919915666,2.9546294366826515,0.06250962675663718,2.5828245353377848,-1.585771338558557,5.919235856914492,1.7427845319383783,0.014999999999986358
308.1,-2.9834934489164873,-0.2892221904174077,2.2847547232547467,0.055738525864777344,2.457095253372303,-1.6146899127064287,4.0962410205695265,2.3837406712184115,0.0
308.4,-3.129579380422738,-0.19745599823572305,2.273643118075216,0.04677715767439938,2.3432976890099138,-1.626883989049917,4.067514001987544,2.3826582000544536,0.014999999999986358
308.7,-3.7181909419718173,1.7313493244563827,1.7495308014893545,0.04001264890388967,2.215501745875181,-1.624799351505039,3.7892608510944115,2.908855154185193,0.0049999999999954525
309.0,-3.3137537694606194,0.08393567046292069,2.3775247085550424,0.03736592682206563,2.1036710454912195,-1.6143396967014818,3.9127144291341347,2.2913209019230627,0.014999999999986358
309.3,-3.312848716003518,0.1904336541664406,2.297701655262131,0.03830499345418037,1.9798289076845745,-1.5966654557029016,3.7989691440870272,2.388818196214554,0.0049999999999954525
309.6,-3.2259633091490025,0.2829267813212013,2.287611988260309,0.04239674037740038,1.8599203596242277,-1.5799587366268364,3.628923553803416,2.4156145822924406,0.0049999999999954525
309.9,-3.476501655569079,-0.0761697214557868,2.5840859268689216,0.04642238393727016,1.7419565138114383,-1.5684545625653414,3.964413802253582,2.1306448177453237,0.009999999999990905
310.2,-3.5608694288181755,2.1544649645230494,1.8697007939828156,0.048134047815977965,1.6139630503393991,-1.5658972624192817,3.6492531309287926,2.8475872507774893,0.009999999999990905
310.5,-3.614214111186127,2.1593350205535105,1.9068579752561707,0.0461658270802916,1.501983115550478,-1.5742663794077376,3.7189370550567786,2.8020609525156783,0.0049999999999954525
310.8,-3.4458739662706233,2.2892076110947537,1.6944443536091276,0.03998771158229175,1.3760484510691366,-1.5895867222260551,3.6034832160927612,2.999154231344404,0.0049999999999954525
311.1,-3.471825428072828,2.388187648533512,1.6256035440236303,0.03147240256563588,1.264152027323262,-1.604668516673741,3.6792053174436568,3.0529132464822153,0.015000000000043201
311.4,-3.6264493419748,0.4512716613037216,2.3744494781954972,0.02170743027885358,1.1362967365585706,-1.616839924398561,3.7119142216204444,2.291895904585528,0.0049999999999954525
311.7,-3.7583838803916043,0.541826030177597,2.403933999607282,0.015353827548005405,1.0244301216675518,-1.6193225521578167,3.804471447842413,2.259928755414487,0.014999999999986358
312.0,-4.0489708109356375,-0.13593682151211314,2.6238388251893645,0.01177229672462854,0.8965809145149585,-1.6111526449817704,4.189955544110322,2.048193837008452,0.0049999999999954525
312.3,-3.7333448135713145,2.4663639660145926,1.7704932652484469,0.012225813403279773,0.7827005644831347,-1.5972747223731285,4.106582736450264,2.9154173195580113,0.009999999999990905
312.6,-3.907984649670571,2.229854389106019,2.1565176992236883,0.016176330687600604,0.654791180738178,-1.580456548772984,4.2284587629678505,2.546211059182914,0.009999999999990905
312.9,-4.064643472077271,0.4401352620979059,2.5346530921974613,0.020062292294283246,0.5348259659306513,-1.5691176331660222,4.085803165949449,2.179414581816103,0.010000000000047748
313.2,-4.209682595880897,0.6737555551679655,2.602751931083671,0.021238035375738207,0.42282984818861585,-1.567475491449082,4.23835499910238,2.1129578846468333,0.009999999999990905
313.5,-3.6264766402810213,2.817483250320453,1.7762092016479436,0.01894097649199633,0.3028571439239665,-1.5773334260045186,4.42859052697919,2.929642679527124,0.009999999999990905
313.8,-3.7154837595412475,2.774268178900133,1.8584198545157453,0.012943751954455962,0.18875836629013215,-1.5968340746576912,4.537183344276562,2.82793137800615,0.0049999999999954525
314.2,-3.8816808608221134,2.67148103114095,1.8678208604663915,-0.00041738680987002397,0.05782638063223341,-1.6306696269842702,4.679251733645822,2.784694819728925,0.009999999999990905
